tic_id,period,duration,depth,t0,bls_power,label
100229772,9.462777042380731,0.1,0.0029462231328011164,1318.3190160856345,0.04306692778855127,1
100229772,9.462777042380731,0.1,0.0029462231328011164,1318.3190160856345,0.04306692778855127,1
100229772,9.462777042380731,0.1,0.0029462231328011164,1318.3190160856345,0.04306692778855127,1
100229772,9.462777042380731,0.1,0.0029462231328011164,1318.3190160856345,0.04306692778855127,0
100229772,9.462777042380731,0.1,0.0029462231328011164,1318.3190160856345,0.04306692778855127,0
100229772,9.462777042380731,0.1,0.0029462231328011164,1318.3190160856345,0.04306692778855127,0
100229772,9.462777042380731,0.1,0.0029462231328011164,1318.3190160856345,0.04306692778855127,0
100229772,9.462777042380731,0.1,0.0029462231328011164,1318.3190160856345,0.04306692778855127,0
100363222,2.032626067965565,0.04,0.0028995504253355835,1311.775130428855,0.05755089677793465,1
100363222,2.032626067965565,0.04,0.0028995504253355835,1311.775130428855,0.05755089677793465,1
100363222,2.032626067965565,0.04,0.0028995504253355835,1311.775130428855,0.05755089677793465,1
100363222,2.032626067965565,0.04,0.0028995504253355835,1311.775130428855,0.05755089677793465,0
100363222,2.032626067965565,0.04,0.0028995504253355835,1311.775130428855,0.05755089677793465,0
100363222,2.032626067965565,0.04,0.0028995504253355835,1311.775130428855,0.05755089677793465,0
100363222,2.032626067965565,0.04,0.0028995504253355835,1311.775130428855,0.05755089677793465,0
100363222,2.032626067965565,0.04,0.0028995504253355835,1311.775130428855,0.05755089677793465,0
113343412,1.8983586659844682,0.08,0.0009520978564306649,1310.8698322023488,0.027179557651307844,1
113343412,1.8983586659844682,0.08,0.0009520978564306649,1310.8698322023488,0.027179557651307844,1
113343412,1.8983586659844682,0.08,0.0009520978564306649,1310.8698322023488,0.027179557651307844,1
113343412,1.8983586659844682,0.08,0.0009520978564306649,1310.8698322023488,0.027179557651307844,0
113343412,1.8983586659844682,0.08,0.0009520978564306649,1310.8698322023488,0.027179557651307844,0
113343412,1.8983586659844682,0.08,0.0009520978564306649,1310.8698322023488,0.027179557651307844,0
113343412,1.8983586659844682,0.08,0.0009520978564306649,1310.8698322023488,0.027179557651307844,0
113343412,1.8983586659844682,0.08,0.0009520978564306649,1310.8698322023488,0.027179557651307844,0
119505749,10.476355688213824,0.1,0.0032664393151410963,1313.8686727689817,0.04719781108261891,1
119505749,10.476355688213824,0.1,0.0032664393151410963,1313.8686727689817,0.04719781108261891,1
119505749,10.476355688213824,0.1,0.0032664393151410963,1313.8686727689817,0.04719781108261891,1
119505749,10.476355688213824,0.1,0.0032664393151410963,1313.8686727689817,0.04719781108261891,0
119505749,10.476355688213824,0.1,0.0032664393151410963,1313.8686727689817,0.04719781108261891,0
119505749,10.476355688213824,0.1,0.0032664393151410963,1313.8686727689817,0.04719781108261891,0
119505749,10.476355688213824,0.1,0.0032664393151410963,1313.8686727689817,0.04719781108261891,0
119505749,10.476355688213824,0.1,0.0032664393151410963,1313.8686727689817,0.04719781108261891,0
128917881,0.8079109459028897,0.04,0.00383276759743004,1311.1993531770004,0.11859283347949888,1
128917881,0.8079109459028897,0.04,0.00383276759743004,1311.1993531770004,0.11859283347949888,1
128917881,0.8079109459028897,0.04,0.00383276759743004,1311.1993531770004,0.11859283347949888,1
128917881,0.8079109459028897,0.04,0.00383276759743004,1311.1993531770004,0.11859283347949888,0
128917881,0.8079109459028897,0.04,0.00383276759743004,1311.1993531770004,0.11859283347949888,0
128917881,0.8079109459028897,0.04,0.00383276759743004,1311.1993531770004,0.11859283347949888,0
128917881,0.8079109459028897,0.04,0.00383276759743004,1311.1993531770004,0.11859283347949888,0
128917881,0.8079109459028897,0.04,0.00383276759743004,1311.1993531770004,0.11859283347949888,0
129580118,19.853068373232883,0.1,0.020482026548838142,1330.3514077222353,0.17348387700255316,1
129580118,19.853068373232883,0.1,0.020482026548838142,1330.3514077222353,0.17348387700255316,1
129580118,19.853068373232883,0.1,0.020482026548838142,1330.3514077222353,0.17348387700255316,1
129580118,19.853068373232883,0.1,0.020482026548838142,1330.3514077222353,0.17348387700255316,0
129580118,19.853068373232883,0.1,0.020482026548838142,1330.3514077222353,0.17348387700255316,0
129580118,19.853068373232883,0.1,0.020482026548838142,1330.3514077222353,0.17348387700255316,0
129580118,19.853068373232883,0.1,0.020482026548838142,1330.3514077222353,0.17348387700255316,0
129580118,19.853068373232883,0.1,0.020482026548838142,1330.3514077222353,0.17348387700255316,0
140580336,14.525428421472949,0.1,0.0010709724035496977,1322.3391163932995,0.012805501944065965,1
140580336,14.525428421472949,0.1,0.0010709724035496977,1322.3391163932995,0.012805501944065965,1
140580336,14.525428421472949,0.1,0.0010709724035496977,1322.3391163932995,0.012805501944065965,1
140580336,14.525428421472949,0.1,0.0010709724035496977,1322.3391163932995,0.012805501944065965,0
140580336,14.525428421472949,0.1,0.0010709724035496977,1322.3391163932995,0.012805501944065965,0
140580336,14.525428421472949,0.1,0.0010709724035496977,1322.3391163932995,0.012805501944065965,0
140580336,14.525428421472949,0.1,0.0010709724035496977,1322.3391163932995,0.012805501944065965,0
140580336,14.525428421472949,0.1,0.0010709724035496977,1322.3391163932995,0.012805501944065965,0
141024724,0.9575893001760923,0.02,0.0007999882950701255,1311.394758692613,0.016165698184942737,1
141024724,0.9575893001760923,0.02,0.0007999882950701255,1311.394758692613,0.016165698184942737,1
141024724,0.9575893001760923,0.02,0.0007999882950701255,1311.394758692613,0.016165698184942737,1
141024724,0.9575893001760923,0.02,0.0007999882950701255,1311.394758692613,0.016165698184942737,0
141024724,0.9575893001760923,0.02,0.0007999882950701255,1311.394758692613,0.016165698184942737,0
141024724,0.9575893001760923,0.02,0.0007999882950701255,1311.394758692613,0.016165698184942737,0
141024724,0.9575893001760923,0.02,0.0007999882950701255,1311.394758692613,0.016165698184942737,0
141024724,0.9575893001760923,0.02,0.0007999882950701255,1311.394758692613,0.016165698184942737,0
142106624,3.5961765150693212,0.06,0.00399482557683585,1312.2947109116797,0.07356036769075111,1
142106624,3.5961765150693212,0.06,0.00399482557683585,1312.2947109116797,0.07356036769075111,1
142106624,3.5961765150693212,0.06,0.00399482557683585,1312.2947109116797,0.07356036769075111,1
142106624,3.5961765150693212,0.06,0.00399482557683585,1312.2947109116797,0.07356036769075111,0
142106624,3.5961765150693212,0.06,0.00399482557683585,1312.2947109116797,0.07356036769075111,0
142106624,3.5961765150693212,0.06,0.00399482557683585,1312.2947109116797,0.07356036769075111,0
142106624,3.5961765150693212,0.06,0.00399482557683585,1312.2947109116797,0.07356036769075111,0
142106624,3.5961765150693212,0.06,0.00399482557683585,1312.2947109116797,0.07356036769075111,0
149125418,14.318155988557256,0.02,0.009432696316619775,1313.726028092817,0.049878323422719244,1
149125418,14.318155988557256,0.02,0.009432696316619775,1313.726028092817,0.049878323422719244,1
149125418,14.318155988557256,0.02,0.009432696316619775,1313.726028092817,0.049878323422719244,1
149125418,14.318155988557256,0.02,0.009432696316619775,1313.726028092817,0.049878323422719244,0
149125418,14.318155988557256,0.02,0.009432696316619775,1313.726028092817,0.049878323422719244,0
149125418,14.318155988557256,0.02,0.009432696316619775,1313.726028092817,0.049878323422719244,0
149125418,14.318155988557256,0.02,0.009432696316619775,1313.726028092817,0.049878323422719244,0
149125418,14.318155988557256,0.02,0.009432696316619775,1313.726028092817,0.049878323422719244,0
149176684,6.401330493824978,0.1,0.04508211362009763,1314.5857401477767,0.7595621981143563,1
149176684,6.401330493824978,0.1,0.04508211362009763,1314.5857401477767,0.7595621981143563,1
149176684,6.401330493824978,0.1,0.04508211362009763,1314.5857401477767,0.7595621981143563,1
149176684,6.401330493824978,0.1,0.04508211362009763,1314.5857401477767,0.7595621981143563,0
149176684,6.401330493824978,0.1,0.04508211362009763,1314.5857401477767,0.7595621981143563,0
149176684,6.401330493824978,0.1,0.04508211362009763,1314.5857401477767,0.7595621981143563,0
149176684,6.401330493824978,0.1,0.04508211362009763,1314.5857401477767,0.7595621981143563,0
149176684,6.401330493824978,0.1,0.04508211362009763,1314.5857401477767,0.7595621981143563,0
149477100,16.880546281404346,0.02,0.004518605928732698,1311.1540560303406,0.02389353800525105,1
149477100,16.880546281404346,0.02,0.004518605928732698,1311.1540560303406,0.02389353800525105,1
149477100,16.880546281404346,0.02,0.004518605928732698,1311.1540560303406,0.02389353800525105,1
149477100,16.880546281404346,0.02,0.004518605928732698,1311.1540560303406,0.02389353800525105,0
149477100,16.880546281404346,0.02,0.004518605928732698,1311.1540560303406,0.02389353800525105,0
149477100,16.880546281404346,0.02,0.004518605928732698,1311.1540560303406,0.02389353800525105,0
149477100,16.880546281404346,0.02,0.004518605928732698,1311.1540560303406,0.02389353800525105,0
149477100,16.880546281404346,0.02,0.004518605928732698,1311.1540560303406,0.02389353800525105,0
150356906,2.2573592429502147,0.02,0.002782153879200065,1312.1218475353048,0.03633099053369279,1
150356906,2.2573592429502147,0.02,0.002782153879200065,1312.1218475353048,0.03633099053369279,1
150356906,2.2573592429502147,0.02,0.002782153879200065,1312.1218475353048,0.03633099053369279,1
150356906,2.2573592429502147,0.02,0.002782153879200065,1312.1218475353048,0.03633099053369279,0
150356906,2.2573592429502147,0.02,0.002782153879200065,1312.1218475353048,0.03633099053369279,0
150356906,2.2573592429502147,0.02,0.002782153879200065,1312.1218475353048,0.03633099053369279,0
150356906,2.2573592429502147,0.02,0.002782153879200065,1312.1218475353048,0.03633099053369279,0
150356906,2.2573592429502147,0.02,0.002782153879200065,1312.1218475353048,0.03633099053369279,0
150438041,10.323137012582425,0.06,0.005756880938237179,1314.34388690912,0.06208849949061513,1
150438041,10.323137012582425,0.06,0.005756880938237179,1314.34388690912,0.06208849949061513,1
150438041,10.323137012582425,0.06,0.005756880938237179,1314.34388690912,0.06208849949061513,1
150438041,10.323137012582425,0.06,0.005756880938237179,1314.34388690912,0.06208849949061513,0
150438041,10.323137012582425,0.06,0.005756880938237179,1314.34388690912,0.06208849949061513,0
150438041,10.323137012582425,0.06,0.005756880938237179,1314.34388690912,0.06208849949061513,0
150438041,10.323137012582425,0.06,0.005756880938237179,1314.34388690912,0.06208849949061513,0
150438041,10.323137012582425,0.06,0.005756880938237179,1314.34388690912,0.06208849949061513,0
167754523,0.4807886734561567,0.1,0.00369248178519192,1310.7513796354672,0.21330718162641765,1
167754523,0.4807886734561567,0.1,0.00369248178519192,1310.7513796354672,0.21330718162641765,1
167754523,0.4807886734561567,0.1,0.00369248178519192,1310.7513796354672,0.21330718162641765,1
167754523,0.4807886734561567,0.1,0.00369248178519192,1310.7513796354672,0.21330718162641765,0
167754523,0.4807886734561567,0.1,0.00369248178519192,1310.7513796354672,0.21330718162641765,0
167754523,0.4807886734561567,0.1,0.00369248178519192,1310.7513796354672,0.21330718162641765,0
167754523,0.4807886734561567,0.1,0.00369248178519192,1310.7513796354672,0.21330718162641765,0
167754523,0.4807886734561567,0.1,0.00369248178519192,1310.7513796354672,0.21330718162641765,0
177282821,7.78156490592638,0.06,0.006710293862205087,1317.2905681093991,0.07626104305162622,1
177282821,7.78156490592638,0.06,0.006710293862205087,1317.2905681093991,0.07626104305162622,1
177282821,7.78156490592638,0.06,0.006710293862205087,1317.2905681093991,0.07626104305162622,1
177282821,7.78156490592638,0.06,0.006710293862205087,1317.2905681093991,0.07626104305162622,0
177282821,7.78156490592638,0.06,0.006710293862205087,1317.2905681093991,0.07626104305162622,0
177282821,7.78156490592638,0.06,0.006710293862205087,1317.2905681093991,0.07626104305162622,0
177282821,7.78156490592638,0.06,0.006710293862205087,1317.2905681093991,0.07626104305162622,0
177282821,7.78156490592638,0.06,0.006710293862205087,1317.2905681093991,0.07626104305162622,0
177307545,1.2473462447716035,0.04,0.004742720057921817,1310.698537832626,0.11751817913134331,1
177307545,1.2473462447716035,0.04,0.004742720057921817,1310.698537832626,0.11751817913134331,1
177307545,1.2473462447716035,0.04,0.004742720057921817,1310.698537832626,0.11751817913134331,1
177307545,1.2473462447716035,0.04,0.004742720057921817,1310.698537832626,0.11751817913134331,0
177307545,1.2473462447716035,0.04,0.004742720057921817,1310.698537832626,0.11751817913134331,0
177307545,1.2473462447716035,0.04,0.004742720057921817,1310.698537832626,0.11751817913134331,0
177307545,1.2473462447716035,0.04,0.004742720057921817,1310.698537832626,0.11751817913134331,0
177307545,1.2473462447716035,0.04,0.004742720057921817,1310.698537832626,0.11751817913134331,0
220408525,12.024732738521784,0.02,0.011434427237100739,1316.0217865051436,0.06153179192522501,1
220408525,12.024732738521784,0.02,0.011434427237100739,1316.0217865051436,0.06153179192522501,1
220408525,12.024732738521784,0.02,0.011434427237100739,1316.0217865051436,0.06153179192522501,1
220408525,12.024732738521784,0.02,0.011434427237100739,1316.0217865051436,0.06153179192522501,0
220408525,12.024732738521784,0.02,0.011434427237100739,1316.0217865051436,0.06153179192522501,0
220408525,12.024732738521784,0.02,0.011434427237100739,1316.0217865051436,0.06153179192522501,0
220408525,12.024732738521784,0.02,0.011434427237100739,1316.0217865051436,0.06153179192522501,0
220408525,12.024732738521784,0.02,0.011434427237100739,1316.0217865051436,0.06153179192522501,0
220411843,0.7424780779074703,0.06,0.0011899146294338653,1310.5817879299507,0.04603662649084046,1
220411843,0.7424780779074703,0.06,0.0011899146294338653,1310.5817879299507,0.04603662649084046,1
220411843,0.7424780779074703,0.06,0.0011899146294338653,1310.5817879299507,0.04603662649084046,1
220411843,0.7424780779074703,0.06,0.0011899146294338653,1310.5817879299507,0.04603662649084046,0
220411843,0.7424780779074703,0.06,0.0011899146294338653,1310.5817879299507,0.04603662649084046,0
220411843,0.7424780779074703,0.06,0.0011899146294338653,1310.5817879299507,0.04603662649084046,0
220411843,0.7424780779074703,0.06,0.0011899146294338653,1310.5817879299507,0.04603662649084046,0
220411843,0.7424780779074703,0.06,0.0011899146294338653,1310.5817879299507,0.04603662649084046,0
220431435,24.377617108176413,0.1,0.0013566571017350811,1311.995624635081,0.016221403180995516,1
220431435,24.377617108176413,0.1,0.0013566571017350811,1311.995624635081,0.016221403180995516,1
220431435,24.377617108176413,0.1,0.0013566571017350811,1311.995624635081,0.016221403180995516,1
220431435,24.377617108176413,0.1,0.0013566571017350811,1311.995624635081,0.016221403180995516,0
220431435,24.377617108176413,0.1,0.0013566571017350811,1311.995624635081,0.016221403180995516,0
220431435,24.377617108176413,0.1,0.0013566571017350811,1311.995624635081,0.016221403180995516,0
220431435,24.377617108176413,0.1,0.0013566571017350811,1311.995624635081,0.016221403180995516,0
220431435,24.377617108176413,0.1,0.0013566571017350811,1311.995624635081,0.016221403180995516,0
220476607,1.829910009724733,0.08,0.03771478353162792,1310.7574356882694,1.1174315053876993,1
220476607,1.829910009724733,0.08,0.03771478353162792,1310.7574356882694,1.1174315053876993,1
220476607,1.829910009724733,0.08,0.03771478353162792,1310.7574356882694,1.1174315053876993,1
220476607,1.829910009724733,0.08,0.03771478353162792,1310.7574356882694,1.1174315053876993,0
220476607,1.829910009724733,0.08,0.03771478353162792,1310.7574356882694,1.1174315053876993,0
220476607,1.829910009724733,0.08,0.03771478353162792,1310.7574356882694,1.1174315053876993,0
220476607,1.829910009724733,0.08,0.03771478353162792,1310.7574356882694,1.1174315053876993,0
220476607,1.829910009724733,0.08,0.03771478353162792,1310.7574356882694,1.1174315053876993,0
231725008,10.813297185130901,0.02,0.0013784741943054617,1310.7630469164503,0.009029575626630057,1
231725008,10.813297185130901,0.02,0.0013784741943054617,1310.7630469164503,0.009029575626630057,1
231725008,10.813297185130901,0.02,0.0013784741943054617,1310.7630469164503,0.009029575626630057,1
231725008,10.813297185130901,0.02,0.0013784741943054617,1310.7630469164503,0.009029575626630057,0
231725008,10.813297185130901,0.02,0.0013784741943054617,1310.7630469164503,0.009029575626630057,0
231725008,10.813297185130901,0.02,0.0013784741943054617,1310.7630469164503,0.009029575626630057,0
231725008,10.813297185130901,0.02,0.0013784741943054617,1310.7630469164503,0.009029575626630057,0
231725008,10.813297185130901,0.02,0.0013784741943054617,1310.7630469164503,0.009029575626630057,0
231819995,0.3098374244215648,0.02,0.0024298323248220805,1310.8149086681333,0.08463425421286339,1
231819995,0.3098374244215648,0.02,0.0024298323248220805,1310.8149086681333,0.08463425421286339,1
231819995,0.3098374244215648,0.02,0.0024298323248220805,1310.8149086681333,0.08463425421286339,1
231819995,0.3098374244215648,0.02,0.0024298323248220805,1310.8149086681333,0.08463425421286339,0
231819995,0.3098374244215648,0.02,0.0024298323248220805,1310.8149086681333,0.08463425421286339,0
231819995,0.3098374244215648,0.02,0.0024298323248220805,1310.8149086681333,0.08463425421286339,0
231819995,0.3098374244215648,0.02,0.0024298323248220805,1310.8149086681333,0.08463425421286339,0
231819995,0.3098374244215648,0.02,0.0024298323248220805,1310.8149086681333,0.08463425421286339,0
238192896,1.1158366407420346,0.08,0.00048438311326943107,1311.4572665226149,0.017709671463643734,1
238192896,1.1158366407420346,0.08,0.00048438311326943107,1311.4572665226149,0.017709671463643734,1
238192896,1.1158366407420346,0.08,0.00048438311326943107,1311.4572665226149,0.017709671463643734,1
238192896,1.1158366407420346,0.08,0.00048438311326943107,1311.4572665226149,0.017709671463643734,0
238192896,1.1158366407420346,0.08,0.00048438311326943107,1311.4572665226149,0.017709671463643734,0
238192896,1.1158366407420346,0.08,0.00048438311326943107,1311.4572665226149,0.017709671463643734,0
238192896,1.1158366407420346,0.08,0.00048438311326943107,1311.4572665226149,0.017709671463643734,0
238192896,1.1158366407420346,0.08,0.00048438311326943107,1311.4572665226149,0.017709671463643734,0
257719469,23.35958356414963,0.1,0.0022576482363534604,1315.493468393059,0.01912240314778775,1
257719469,23.35958356414963,0.1,0.0022576482363534604,1315.493468393059,0.01912240314778775,1
257719469,23.35958356414963,0.1,0.0022576482363534604,1315.493468393059,0.01912240314778775,1
257719469,23.35958356414963,0.1,0.0022576482363534604,1315.493468393059,0.01912240314778775,0
257719469,23.35958356414963,0.1,0.0022576482363534604,1315.493468393059,0.01912240314778775,0
257719469,23.35958356414963,0.1,0.0022576482363534604,1315.493468393059,0.01912240314778775,0
257719469,23.35958356414963,0.1,0.0022576482363534604,1315.493468393059,0.01912240314778775,0
257719469,23.35958356414963,0.1,0.0022576482363534604,1315.493468393059,0.01912240314778775,0
260267665,1.4324998742691701,0.1,0.0009637866925231686,1311.6510839727277,0.03354585068881165,1
260267665,1.4324998742691701,0.1,0.0009637866925231686,1311.6510839727277,0.03354585068881165,1
260267665,1.4324998742691701,0.1,0.0009637866925231686,1311.6510839727277,0.03354585068881165,1
260267665,1.4324998742691701,0.1,0.0009637866925231686,1311.6510839727277,0.03354585068881165,0
260267665,1.4324998742691701,0.1,0.0009637866925231686,1311.6510839727277,0.03354585068881165,0
260267665,1.4324998742691701,0.1,0.0009637866925231686,1311.6510839727277,0.03354585068881165,0
260267665,1.4324998742691701,0.1,0.0009637866925231686,1311.6510839727277,0.03354585068881165,0
260267665,1.4324998742691701,0.1,0.0009637866925231686,1311.6510839727277,0.03354585068881165,0
260950734,24.194119504794386,0.04,0.06587926669426729,1324.245548776517,0.35451441916262444,1
260950734,24.194119504794386,0.04,0.06587926669426729,1324.245548776517,0.35451441916262444,1
260950734,24.194119504794386,0.04,0.06587926669426729,1324.245548776517,0.35451441916262444,1
260950734,24.194119504794386,0.04,0.06587926669426729,1324.245548776517,0.35451441916262444,0
260950734,24.194119504794386,0.04,0.06587926669426729,1324.245548776517,0.35451441916262444,0
260950734,24.194119504794386,0.04,0.06587926669426729,1324.245548776517,0.35451441916262444,0
260950734,24.194119504794386,0.04,0.06587926669426729,1324.245548776517,0.35451441916262444,0
260950734,24.194119504794386,0.04,0.06587926669426729,1324.245548776517,0.35451441916262444,0
261337380,23.785550569358676,0.1,0.0008603173921119797,1315.0676933665584,0.007286935024736523,1
261337380,23.785550569358676,0.1,0.0008603173921119797,1315.0676933665584,0.007286935024736523,1
261337380,23.785550569358676,0.1,0.0008603173921119797,1315.0676933665584,0.007286935024736523,1
261337380,23.785550569358676,0.1,0.0008603173921119797,1315.0676933665584,0.007286935024736523,0
261337380,23.785550569358676,0.1,0.0008603173921119797,1315.0676933665584,0.007286935024736523,0
261337380,23.785550569358676,0.1,0.0008603173921119797,1315.0676933665584,0.007286935024736523,0
261337380,23.785550569358676,0.1,0.0008603173921119797,1315.0676933665584,0.007286935024736523,0
261337380,23.785550569358676,0.1,0.0008603173921119797,1315.0676933665584,0.007286935024736523,0
261745953,8.316337647967348,0.04,0.006129632702414117,1312.1542133215069,0.06554447852966445,1
261745953,8.316337647967348,0.04,0.006129632702414117,1312.1542133215069,0.06554447852966445,1
261745953,8.316337647967348,0.04,0.006129632702414117,1312.1542133215069,0.06554447852966445,1
261745953,8.316337647967348,0.04,0.006129632702414117,1312.1542133215069,0.06554447852966445,0
261745953,8.316337647967348,0.04,0.006129632702414117,1312.1542133215069,0.06554447852966445,0
261745953,8.316337647967348,0.04,0.006129632702414117,1312.1542133215069,0.06554447852966445,0
261745953,8.316337647967348,0.04,0.006129632702414117,1312.1542133215069,0.06554447852966445,0
261745953,8.316337647967348,0.04,0.006129632702414117,1312.1542133215069,0.06554447852966445,0
267044642,16.108266589365908,0.04,0.0014527154957469069,1315.7966048559406,0.011047561014420736,1
267044642,16.108266589365908,0.04,0.0014527154957469069,1315.7966048559406,0.011047561014420736,1
267044642,16.108266589365908,0.04,0.0014527154957469069,1315.7966048559406,0.011047561014420736,1
267044642,16.108266589365908,0.04,0.0014527154957469069,1315.7966048559406,0.011047561014420736,0
267044642,16.108266589365908,0.04,0.0014527154957469069,1315.7966048559406,0.011047561014420736,0
267044642,16.108266589365908,0.04,0.0014527154957469069,1315.7966048559406,0.011047561014420736,0
267044642,16.108266589365908,0.04,0.0014527154957469069,1315.7966048559406,0.011047561014420736,0
267044642,16.108266589365908,0.04,0.0014527154957469069,1315.7966048559406,0.011047561014420736,0
269850183,16.17878721342889,0.08,0.0029930830957168118,1322.6654387984966,0.022761695747013363,1
269850183,16.17878721342889,0.08,0.0029930830957168118,1322.6654387984966,0.022761695747013363,1
269850183,16.17878721342889,0.08,0.0029930830957168118,1322.6654387984966,0.022761695747013363,1
269850183,16.17878721342889,0.08,0.0029930830957168118,1322.6654387984966,0.022761695747013363,0
269850183,16.17878721342889,0.08,0.0029930830957168118,1322.6654387984966,0.022761695747013363,0
269850183,16.17878721342889,0.08,0.0029930830957168118,1322.6654387984966,0.022761695747013363,0
269850183,16.17878721342889,0.08,0.0029930830957168118,1322.6654387984966,0.022761695747013363,0
269850183,16.17878721342889,0.08,0.0029930830957168118,1322.6654387984966,0.022761695747013363,0
271597440,10.030232297106886,0.04,0.002382664935879343,1314.6750266753181,0.022175819685769118,1
271597440,10.030232297106886,0.04,0.002382664935879343,1314.6750266753181,0.022175819685769118,1
271597440,10.030232297106886,0.04,0.002382664935879343,1314.6750266753181,0.022175819685769118,1
271597440,10.030232297106886,0.04,0.002382664935879343,1314.6750266753181,0.022175819685769118,0
271597440,10.030232297106886,0.04,0.002382664935879343,1314.6750266753181,0.022175819685769118,0
271597440,10.030232297106886,0.04,0.002382664935879343,1314.6750266753181,0.022175819685769118,0
271597440,10.030232297106886,0.04,0.002382664935879343,1314.6750266753181,0.022175819685769118,0
271597440,10.030232297106886,0.04,0.002382664935879343,1314.6750266753181,0.022175819685769118,0
276672967,5.576601795273751,0.1,0.0016068115870262415,1311.638952832561,0.030212565772610018,1
276672967,5.576601795273751,0.1,0.0016068115870262415,1311.638952832561,0.030212565772610018,1
276672967,5.576601795273751,0.1,0.0016068115870262415,1311.638952832561,0.030212565772610018,1
276672967,5.576601795273751,0.1,0.0016068115870262415,1311.638952832561,0.030212565772610018,0
276672967,5.576601795273751,0.1,0.0016068115870262415,1311.638952832561,0.030212565772610018,0
276672967,5.576601795273751,0.1,0.0016068115870262415,1311.638952832561,0.030212565772610018,0
276672967,5.576601795273751,0.1,0.0016068115870262415,1311.638952832561,0.030212565772610018,0
276672967,5.576601795273751,0.1,0.0016068115870262415,1311.638952832561,0.030212565772610018,0
277911545,13.843812047254785,0.1,0.0010943783405077507,1324.2487608995036,0.013085364217104567,1
277911545,13.843812047254785,0.1,0.0010943783405077507,1324.2487608995036,0.013085364217104567,1
277911545,13.843812047254785,0.1,0.0010943783405077507,1324.2487608995036,0.013085364217104567,1
277911545,13.843812047254785,0.1,0.0010943783405077507,1324.2487608995036,0.013085364217104567,0
277911545,13.843812047254785,0.1,0.0010943783405077507,1324.2487608995036,0.013085364217104567,0
277911545,13.843812047254785,0.1,0.0010943783405077507,1324.2487608995036,0.013085364217104567,0
277911545,13.843812047254785,0.1,0.0010943783405077507,1324.2487608995036,0.013085364217104567,0
277911545,13.843812047254785,0.1,0.0010943783405077507,1324.2487608995036,0.013085364217104567,0
278658315,21.41653792926894,0.1,0.0010676441821738242,1311.023735385032,0.0127657067587206,1
278658315,21.41653792926894,0.1,0.0010676441821738242,1311.023735385032,0.0127657067587206,1
278658315,21.41653792926894,0.1,0.0010676441821738242,1311.023735385032,0.0127657067587206,1
278658315,21.41653792926894,0.1,0.0010676441821738242,1311.023735385032,0.0127657067587206,0
278658315,21.41653792926894,0.1,0.0010676441821738242,1311.023735385032,0.0127657067587206,0
278658315,21.41653792926894,0.1,0.0010676441821738242,1311.023735385032,0.0127657067587206,0
278658315,21.41653792926894,0.1,0.0010676441821738242,1311.023735385032,0.0127657067587206,0
278658315,21.41653792926894,0.1,0.0010676441821738242,1311.023735385032,0.0127657067587206,0
279159155,9.807871899067743,0.02,0.004223612000857803,1315.1052455233284,0.02766640401164942,1
279159155,9.807871899067743,0.02,0.004223612000857803,1315.1052455233284,0.02766640401164942,1
279159155,9.807871899067743,0.02,0.004223612000857803,1315.1052455233284,0.02766640401164942,1
279159155,9.807871899067743,0.02,0.004223612000857803,1315.1052455233284,0.02766640401164942,0
279159155,9.807871899067743,0.02,0.004223612000857803,1315.1052455233284,0.02766640401164942,0
279159155,9.807871899067743,0.02,0.004223612000857803,1315.1052455233284,0.02766640401164942,0
279159155,9.807871899067743,0.02,0.004223612000857803,1315.1052455233284,0.02766640401164942,0
279159155,9.807871899067743,0.02,0.004223612000857803,1315.1052455233284,0.02766640401164942,0
290350054,22.21909491509773,0.1,0.0022552644617154943,1320.6173785670705,0.01910221244716989,1
290350054,22.21909491509773,0.1,0.0022552644617154943,1320.6173785670705,0.01910221244716989,1
290350054,22.21909491509773,0.1,0.0022552644617154943,1320.6173785670705,0.01910221244716989,1
290350054,22.21909491509773,0.1,0.0022552644617154943,1320.6173785670705,0.01910221244716989,0
290350054,22.21909491509773,0.1,0.0022552644617154943,1320.6173785670705,0.01910221244716989,0
290350054,22.21909491509773,0.1,0.0022552644617154943,1320.6173785670705,0.01910221244716989,0
290350054,22.21909491509773,0.1,0.0022552644617154943,1320.6173785670705,0.01910221244716989,0
290350054,22.21909491509773,0.1,0.0022552644617154943,1320.6173785670705,0.01910221244716989,0
290542693,4.181353919888417,0.1,0.0009056554272176985,1312.3145355804422,0.020075118047537376,1
290542693,4.181353919888417,0.1,0.0009056554272176985,1312.3145355804422,0.020075118047537376,1
290542693,4.181353919888417,0.1,0.0009056554272176985,1312.3145355804422,0.020075118047537376,1
290542693,4.181353919888417,0.1,0.0009056554272176985,1312.3145355804422,0.020075118047537376,0
290542693,4.181353919888417,0.1,0.0009056554272176985,1312.3145355804422,0.020075118047537376,0
290542693,4.181353919888417,0.1,0.0009056554272176985,1312.3145355804422,0.020075118047537376,0
290542693,4.181353919888417,0.1,0.0009056554272176985,1312.3145355804422,0.020075118047537376,0
290542693,4.181353919888417,0.1,0.0009056554272176985,1312.3145355804422,0.020075118047537376,0
293223210,14.106977845872672,0.06,0.004539625296858837,1310.5815391131655,0.04748139485030932,1
293223210,14.106977845872672,0.06,0.004539625296858837,1310.5815391131655,0.04748139485030932,1
293223210,14.106977845872672,0.06,0.004539625296858837,1310.5815391131655,0.04748139485030932,1
293223210,14.106977845872672,0.06,0.004539625296858837,1310.5815391131655,0.04748139485030932,0
293223210,14.106977845872672,0.06,0.004539625296858837,1310.5815391131655,0.04748139485030932,0
293223210,14.106977845872672,0.06,0.004539625296858837,1310.5815391131655,0.04748139485030932,0
293223210,14.106977845872672,0.06,0.004539625296858837,1310.5815391131655,0.04748139485030932,0
293223210,14.106977845872672,0.06,0.004539625296858837,1310.5815391131655,0.04748139485030932,0
293480995,0.6534646650201826,0.1,0.056189454374921316,1310.927913639714,2.843862177906331,1
293480995,0.6534646650201826,0.1,0.056189454374921316,1310.927913639714,2.843862177906331,1
293480995,0.6534646650201826,0.1,0.056189454374921316,1310.927913639714,2.843862177906331,1
293480995,0.6534646650201826,0.1,0.056189454374921316,1310.927913639714,2.843862177906331,0
293480995,0.6534646650201826,0.1,0.056189454374921316,1310.927913639714,2.843862177906331,0
293480995,0.6534646650201826,0.1,0.056189454374921316,1310.927913639714,2.843862177906331,0
293480995,0.6534646650201826,0.1,0.056189454374921316,1310.927913639714,2.843862177906331,0
293480995,0.6534646650201826,0.1,0.056189454374921316,1310.927913639714,2.843862177906331,0
293525326,14.041419810438256,0.1,0.004999563301963043,1310.6868681399012,0.07087181331633019,1
293525326,14.041419810438256,0.1,0.004999563301963043,1310.6868681399012,0.07087181331633019,1
293525326,14.041419810438256,0.1,0.004999563301963043,1310.6868681399012,0.07087181331633019,1
293525326,14.041419810438256,0.1,0.004999563301963043,1310.6868681399012,0.07087181331633019,0
293525326,14.041419810438256,0.1,0.004999563301963043,1310.6868681399012,0.07087181331633019,0
293525326,14.041419810438256,0.1,0.004999563301963043,1310.6868681399012,0.07087181331633019,0
293525326,14.041419810438256,0.1,0.004999563301963043,1310.6868681399012,0.07087181331633019,0
293525326,14.041419810438256,0.1,0.004999563301963043,1310.6868681399012,0.07087181331633019,0
299808176,14.429358819930172,0.04,0.008889755363135248,1316.00166192678,0.06760450691483562,1
299808176,14.429358819930172,0.04,0.008889755363135248,1316.00166192678,0.06760450691483562,1
299808176,14.429358819930172,0.04,0.008889755363135248,1316.00166192678,0.06760450691483562,1
299808176,14.429358819930172,0.04,0.008889755363135248,1316.00166192678,0.06760450691483562,0
299808176,14.429358819930172,0.04,0.008889755363135248,1316.00166192678,0.06760450691483562,0
299808176,14.429358819930172,0.04,0.008889755363135248,1316.00166192678,0.06760450691483562,0
299808176,14.429358819930172,0.04,0.008889755363135248,1316.00166192678,0.06760450691483562,0
299808176,14.429358819930172,0.04,0.008889755363135248,1316.00166192678,0.06760450691483562,0
300160320,19.91046403215236,0.1,0.0008367213495939421,1330.412489910026,0.007087075263389887,1
300160320,19.91046403215236,0.1,0.0008367213495939421,1330.412489910026,0.007087075263389887,1
300160320,19.91046403215236,0.1,0.0008367213495939421,1330.412489910026,0.007087075263389887,1
300160320,19.91046403215236,0.1,0.0008367213495939421,1330.412489910026,0.007087075263389887,0
300160320,19.91046403215236,0.1,0.0008367213495939421,1330.412489910026,0.007087075263389887,0
300160320,19.91046403215236,0.1,0.0008367213495939421,1330.412489910026,0.007087075263389887,0
300160320,19.91046403215236,0.1,0.0008367213495939421,1330.412489910026,0.007087075263389887,0
300160320,19.91046403215236,0.1,0.0008367213495939421,1330.412489910026,0.007087075263389887,0
304032067,3.5696014734189285,0.06,0.0013613352375429193,1311.4260964354492,0.025067507629044094,1
304032067,3.5696014734189285,0.06,0.0013613352375429193,1311.4260964354492,0.025067507629044094,1
304032067,3.5696014734189285,0.06,0.0013613352375429193,1311.4260964354492,0.025067507629044094,1
304032067,3.5696014734189285,0.06,0.0013613352375429193,1311.4260964354492,0.025067507629044094,0
304032067,3.5696014734189285,0.06,0.0013613352375429193,1311.4260964354492,0.025067507629044094,0
304032067,3.5696014734189285,0.06,0.0013613352375429193,1311.4260964354492,0.025067507629044094,0
304032067,3.5696014734189285,0.06,0.0013613352375429193,1311.4260964354492,0.025067507629044094,0
304032067,3.5696014734189285,0.06,0.0013613352375429193,1311.4260964354492,0.025067507629044094,0
30415110,14.130280018755567,0.04,0.14853486293537643,1324.6857514967762,1.0062578265916735,1
30415110,14.130280018755567,0.04,0.14853486293537643,1324.6857514967762,1.0062578265916735,1
30415110,14.130280018755567,0.04,0.14853486293537643,1324.6857514967762,1.0062578265916735,1
30415110,14.130280018755567,0.04,0.14853486293537643,1324.6857514967762,1.0062578265916735,0
30415110,14.130280018755567,0.04,0.14853486293537643,1324.6857514967762,1.0062578265916735,0
30415110,14.130280018755567,0.04,0.14853486293537643,1324.6857514967762,1.0062578265916735,0
30415110,14.130280018755567,0.04,0.14853486293537643,1324.6857514967762,1.0062578265916735,0
30415110,14.130280018755567,0.04,0.14853486293537643,1324.6857514967762,1.0062578265916735,0
30631031,6.90294006203306,0.1,0.0010627901928508589,1316.406699676273,0.01790633114096727,1
30631031,6.90294006203306,0.1,0.0010627901928508589,1316.406699676273,0.01790633114096727,1
30631031,6.90294006203306,0.1,0.0010627901928508589,1316.406699676273,0.01790633114096727,1
30631031,6.90294006203306,0.1,0.0010627901928508589,1316.406699676273,0.01790633114096727,0
30631031,6.90294006203306,0.1,0.0010627901928508589,1316.406699676273,0.01790633114096727,0
30631031,6.90294006203306,0.1,0.0010627901928508589,1316.406699676273,0.01790633114096727,0
30631031,6.90294006203306,0.1,0.0010627901928508589,1316.406699676273,0.01790633114096727,0
30631031,6.90294006203306,0.1,0.0010627901928508589,1316.406699676273,0.01790633114096727,0
306822783,1.205864036663013,0.08,0.0024973814269268215,1311.2364444494644,0.08607547067175343,1
306822783,1.205864036663013,0.08,0.0024973814269268215,1311.2364444494644,0.08607547067175343,1
306822783,1.205864036663013,0.08,0.0024973814269268215,1311.2364444494644,0.08607547067175343,1
306822783,1.205864036663013,0.08,0.0024973814269268215,1311.2364444494644,0.08607547067175343,0
306822783,1.205864036663013,0.08,0.0024973814269268215,1311.2364444494644,0.08607547067175343,0
306822783,1.205864036663013,0.08,0.0024973814269268215,1311.2364444494644,0.08607547067175343,0
306822783,1.205864036663013,0.08,0.0024973814269268215,1311.2364444494644,0.08607547067175343,0
306822783,1.205864036663013,0.08,0.0024973814269268215,1311.2364444494644,0.08607547067175343,0
31181554,7.745350054274189,0.08,0.006357573082701284,1312.1564880274555,0.0956573439849119,1
31181554,7.745350054274189,0.08,0.006357573082701284,1312.1564880274555,0.0956573439849119,1
31181554,7.745350054274189,0.08,0.006357573082701284,1312.1564880274555,0.0956573439849119,1
31181554,7.745350054274189,0.08,0.006357573082701284,1312.1564880274555,0.0956573439849119,0
31181554,7.745350054274189,0.08,0.006357573082701284,1312.1564880274555,0.0956573439849119,0
31181554,7.745350054274189,0.08,0.006357573082701284,1312.1564880274555,0.0956573439849119,0
31181554,7.745350054274189,0.08,0.006357573082701284,1312.1564880274555,0.0956573439849119,0
31181554,7.745350054274189,0.08,0.006357573082701284,1312.1564880274555,0.0956573439849119,0
315393980,14.14018315084156,0.02,0.014865787488791847,1316.1135220443618,0.0786074873409138,1
315393980,14.14018315084156,0.02,0.014865787488791847,1316.1135220443618,0.0786074873409138,1
315393980,14.14018315084156,0.02,0.014865787488791847,1316.1135220443618,0.0786074873409138,1
315393980,14.14018315084156,0.02,0.014865787488791847,1316.1135220443618,0.0786074873409138,0
315393980,14.14018315084156,0.02,0.014865787488791847,1316.1135220443618,0.0786074873409138,0
315393980,14.14018315084156,0.02,0.014865787488791847,1316.1135220443618,0.0786074873409138,0
315393980,14.14018315084156,0.02,0.014865787488791847,1316.1135220443618,0.0786074873409138,0
315393980,14.14018315084156,0.02,0.014865787488791847,1316.1135220443618,0.0786074873409138,0
316341281,13.79693554314733,0.02,0.006031360811406668,1314.127626408513,0.031892701209982416,1
316341281,13.79693554314733,0.02,0.006031360811406668,1314.127626408513,0.031892701209982416,1
316341281,13.79693554314733,0.02,0.006031360811406668,1314.127626408513,0.031892701209982416,1
316341281,13.79693554314733,0.02,0.006031360811406668,1314.127626408513,0.031892701209982416,0
316341281,13.79693554314733,0.02,0.006031360811406668,1314.127626408513,0.031892701209982416,0
316341281,13.79693554314733,0.02,0.006031360811406668,1314.127626408513,0.031892701209982416,0
316341281,13.79693554314733,0.02,0.006031360811406668,1314.127626408513,0.031892701209982416,0
316341281,13.79693554314733,0.02,0.006031360811406668,1314.127626408513,0.031892701209982416,0
318178607,2.836805281860794,0.08,0.020544344709535336,1311.6572379942202,0.48594062242312336,1
318178607,2.836805281860794,0.08,0.020544344709535336,1311.6572379942202,0.48594062242312336,1
318178607,2.836805281860794,0.08,0.020544344709535336,1311.6572379942202,0.48594062242312336,1
318178607,2.836805281860794,0.08,0.020544344709535336,1311.6572379942202,0.48594062242312336,0
318178607,2.836805281860794,0.08,0.020544344709535336,1311.6572379942202,0.48594062242312336,0
318178607,2.836805281860794,0.08,0.020544344709535336,1311.6572379942202,0.48594062242312336,0
318178607,2.836805281860794,0.08,0.020544344709535336,1311.6572379942202,0.48594062242312336,0
318178607,2.836805281860794,0.08,0.020544344709535336,1311.6572379942202,0.48594062242312336,0
318570583,3.9733102541037257,0.08,0.0015421150736154505,1312.3975543550157,0.03064549723985624,1
318570583,3.9733102541037257,0.08,0.0015421150736154505,1312.3975543550157,0.03064549723985624,1
318570583,3.9733102541037257,0.08,0.0015421150736154505,1312.3975543550157,0.03064549723985624,1
318570583,3.9733102541037257,0.08,0.0015421150736154505,1312.3975543550157,0.03064549723985624,0
318570583,3.9733102541037257,0.08,0.0015421150736154505,1312.3975543550157,0.03064549723985624,0
318570583,3.9733102541037257,0.08,0.0015421150736154505,1312.3975543550157,0.03064549723985624,0
318570583,3.9733102541037257,0.08,0.0015421150736154505,1312.3975543550157,0.03064549723985624,0
318570583,3.9733102541037257,0.08,0.0015421150736154505,1312.3975543550157,0.03064549723985624,0
319671086,14.127350922872022,0.02,0.0016940161820503158,1316.1268449830986,0.008957638852716138,1
319671086,14.127350922872022,0.02,0.0016940161820503158,1316.1268449830986,0.008957638852716138,1
319671086,14.127350922872022,0.02,0.0016940161820503158,1316.1268449830986,0.008957638852716138,1
319671086,14.127350922872022,0.02,0.0016940161820503158,1316.1268449830986,0.008957638852716138,0
319671086,14.127350922872022,0.02,0.0016940161820503158,1316.1268449830986,0.008957638852716138,0
319671086,14.127350922872022,0.02,0.0016940161820503158,1316.1268449830986,0.008957638852716138,0
319671086,14.127350922872022,0.02,0.0016940161820503158,1316.1268449830986,0.008957638852716138,0
319671086,14.127350922872022,0.02,0.0016940161820503158,1316.1268449830986,0.008957638852716138,0
319740048,23.115391943146232,0.1,0.0011292243797659228,1333.6170402241664,0.009564591811287756,1
319740048,23.115391943146232,0.1,0.0011292243797659228,1333.6170402241664,0.009564591811287756,1
319740048,23.115391943146232,0.1,0.0011292243797659228,1333.6170402241664,0.009564591811287756,1
319740048,23.115391943146232,0.1,0.0011292243797659228,1333.6170402241664,0.009564591811287756,0
319740048,23.115391943146232,0.1,0.0011292243797659228,1333.6170402241664,0.009564591811287756,0
319740048,23.115391943146232,0.1,0.0011292243797659228,1333.6170402241664,0.009564591811287756,0
319740048,23.115391943146232,0.1,0.0011292243797659228,1333.6170402241664,0.009564591811287756,0
319740048,23.115391943146232,0.1,0.0011292243797659228,1333.6170402241664,0.009564591811287756,0
31997826,13.24197720204372,0.1,0.0026662352719997867,1323.4769759015428,0.03187988863743505,1
31997826,13.24197720204372,0.1,0.0026662352719997867,1323.4769759015428,0.03187988863743505,1
31997826,13.24197720204372,0.1,0.0026662352719997867,1323.4769759015428,0.03187988863743505,1
31997826,13.24197720204372,0.1,0.0026662352719997867,1323.4769759015428,0.03187988863743505,0
31997826,13.24197720204372,0.1,0.0026662352719997867,1323.4769759015428,0.03187988863743505,0
31997826,13.24197720204372,0.1,0.0026662352719997867,1323.4769759015428,0.03187988863743505,0
31997826,13.24197720204372,0.1,0.0026662352719997867,1323.4769759015428,0.03187988863743505,0
31997826,13.24197720204372,0.1,0.0026662352719997867,1323.4769759015428,0.03187988863743505,0
322306553,9.558923879528276,0.1,0.004807605710973087,1314.9264024421554,0.05748402486760405,1
322306553,9.558923879528276,0.1,0.004807605710973087,1314.9264024421554,0.05748402486760405,1
322306553,9.558923879528276,0.1,0.004807605710973087,1314.9264024421554,0.05748402486760405,1
322306553,9.558923879528276,0.1,0.004807605710973087,1314.9264024421554,0.05748402486760405,0
322306553,9.558923879528276,0.1,0.004807605710973087,1314.9264024421554,0.05748402486760405,0
322306553,9.558923879528276,0.1,0.004807605710973087,1314.9264024421554,0.05748402486760405,0
322306553,9.558923879528276,0.1,0.004807605710973087,1314.9264024421554,0.05748402486760405,0
322306553,9.558923879528276,0.1,0.004807605710973087,1314.9264024421554,0.05748402486760405,0
323006436,0.6763661373091052,0.04,0.0008501229532536887,1310.815283996852,0.028342853600513754,1
323006436,0.6763661373091052,0.04,0.0008501229532536887,1310.815283996852,0.028342853600513754,1
323006436,0.6763661373091052,0.04,0.0008501229532536887,1310.815283996852,0.028342853600513754,1
323006436,0.6763661373091052,0.04,0.0008501229532536887,1310.815283996852,0.028342853600513754,0
323006436,0.6763661373091052,0.04,0.0008501229532536887,1310.815283996852,0.028342853600513754,0
323006436,0.6763661373091052,0.04,0.0008501229532536887,1310.815283996852,0.028342853600513754,0
323006436,0.6763661373091052,0.04,0.0008501229532536887,1310.815283996852,0.028342853600513754,0
323006436,0.6763661373091052,0.04,0.0008501229532536887,1310.815283996852,0.028342853600513754,0
323246164,1.9552744736537644,0.08,0.00784259996280262,1310.9072853210764,0.21800823086219817,1
323246164,1.9552744736537644,0.08,0.00784259996280262,1310.9072853210764,0.21800823086219817,1
323246164,1.9552744736537644,0.08,0.00784259996280262,1310.9072853210764,0.21800823086219817,1
323246164,1.9552744736537644,0.08,0.00784259996280262,1310.9072853210764,0.21800823086219817,0
323246164,1.9552744736537644,0.08,0.00784259996280262,1310.9072853210764,0.21800823086219817,0
323246164,1.9552744736537644,0.08,0.00784259996280262,1310.9072853210764,0.21800823086219817,0
323246164,1.9552744736537644,0.08,0.00784259996280262,1310.9072853210764,0.21800823086219817,0
323246164,1.9552744736537644,0.08,0.00784259996280262,1310.9072853210764,0.21800823086219817,0
323350946,1.1746739975502356,0.08,0.021552868498680162,1311.0853338474062,0.7632389446595803,1
323350946,1.1746739975502356,0.08,0.021552868498680162,1311.0853338474062,0.7632389446595803,1
323350946,1.1746739975502356,0.08,0.021552868498680162,1311.0853338474062,0.7632389446595803,1
323350946,1.1746739975502356,0.08,0.021552868498680162,1311.0853338474062,0.7632389446595803,0
323350946,1.1746739975502356,0.08,0.021552868498680162,1311.0853338474062,0.7632389446595803,0
323350946,1.1746739975502356,0.08,0.021552868498680162,1311.0853338474062,0.7632389446595803,0
323350946,1.1746739975502356,0.08,0.021552868498680162,1311.0853338474062,0.7632389446595803,0
323350946,1.1746739975502356,0.08,0.021552868498680162,1311.0853338474062,0.7632389446595803,0
323517227,13.675964450629964,0.04,0.003904772790070915,1318.59740985497,0.029694882289101634,1
323517227,13.675964450629964,0.04,0.003904772790070915,1318.59740985497,0.029694882289101634,1
323517227,13.675964450629964,0.04,0.003904772790070915,1318.59740985497,0.029694882289101634,1
323517227,13.675964450629964,0.04,0.003904772790070915,1318.59740985497,0.029694882289101634,0
323517227,13.675964450629964,0.04,0.003904772790070915,1318.59740985497,0.029694882289101634,0
323517227,13.675964450629964,0.04,0.003904772790070915,1318.59740985497,0.029694882289101634,0
323517227,13.675964450629964,0.04,0.003904772790070915,1318.59740985497,0.029694882289101634,0
323517227,13.675964450629964,0.04,0.003904772790070915,1318.59740985497,0.029694882289101634,0
323520762,3.427514516369185,0.1,0.0021554026422368616,1312.3496911888933,0.05102521621479281,1
323520762,3.427514516369185,0.1,0.0021554026422368616,1312.3496911888933,0.05102521621479281,1
323520762,3.427514516369185,0.1,0.0021554026422368616,1312.3496911888933,0.05102521621479281,1
323520762,3.427514516369185,0.1,0.0021554026422368616,1312.3496911888933,0.05102521621479281,0
323520762,3.427514516369185,0.1,0.0021554026422368616,1312.3496911888933,0.05102521621479281,0
323520762,3.427514516369185,0.1,0.0021554026422368616,1312.3496911888933,0.05102521621479281,0
323520762,3.427514516369185,0.1,0.0021554026422368616,1312.3496911888933,0.05102521621479281,0
323520762,3.427514516369185,0.1,0.0021554026422368616,1312.3496911888933,0.05102521621479281,0
326031372,25.168962971099447,0.06,0.0029925416231712664,1311.1297972283921,0.02769219419302148,1
326031372,25.168962971099447,0.06,0.0029925416231712664,1311.1297972283921,0.02769219419302148,1
326031372,25.168962971099447,0.06,0.0029925416231712664,1311.1297972283921,0.02769219419302148,1
326031372,25.168962971099447,0.06,0.0029925416231712664,1311.1297972283921,0.02769219419302148,0
326031372,25.168962971099447,0.06,0.0029925416231712664,1311.1297972283921,0.02769219419302148,0
326031372,25.168962971099447,0.06,0.0029925416231712664,1311.1297972283921,0.02769219419302148,0
326031372,25.168962971099447,0.06,0.0029925416231712664,1311.1297972283921,0.02769219419302148,0
326031372,25.168962971099447,0.06,0.0029925416231712664,1311.1297972283921,0.02769219419302148,0
327595236,10.347853173280972,0.1,0.001801637513928012,1314.259695739561,0.021541986152621477,1
327595236,10.347853173280972,0.1,0.001801637513928012,1314.259695739561,0.021541986152621477,1
327595236,10.347853173280972,0.1,0.001801637513928012,1314.259695739561,0.021541986152621477,1
327595236,10.347853173280972,0.1,0.001801637513928012,1314.259695739561,0.021541986152621477,0
327595236,10.347853173280972,0.1,0.001801637513928012,1314.259695739561,0.021541986152621477,0
327595236,10.347853173280972,0.1,0.001801637513928012,1314.259695739561,0.021541986152621477,0
327595236,10.347853173280972,0.1,0.001801637513928012,1314.259695739561,0.021541986152621477,0
327595236,10.347853173280972,0.1,0.001801637513928012,1314.259695739561,0.021541986152621477,0
327785134,14.245465063035343,0.1,0.02583058169497974,1324.7214399482607,0.21878642950643304,1
327785134,14.245465063035343,0.1,0.02583058169497974,1324.7214399482607,0.21878642950643304,1
327785134,14.245465063035343,0.1,0.02583058169497974,1324.7214399482607,0.21878642950643304,1
327785134,14.245465063035343,0.1,0.02583058169497974,1324.7214399482607,0.21878642950643304,0
327785134,14.245465063035343,0.1,0.02583058169497974,1324.7214399482607,0.21878642950643304,0
327785134,14.245465063035343,0.1,0.02583058169497974,1324.7214399482607,0.21878642950643304,0
327785134,14.245465063035343,0.1,0.02583058169497974,1324.7214399482607,0.21878642950643304,0
327785134,14.245465063035343,0.1,0.02583058169497974,1324.7214399482607,0.21878642950643304,0
349833322,0.4956637550536691,0.1,0.005208505354389435,1310.877864859578,0.2975688870817332,1
349833322,0.4956637550536691,0.1,0.005208505354389435,1310.877864859578,0.2975688870817332,1
349833322,0.4956637550536691,0.1,0.005208505354389435,1310.877864859578,0.2975688870817332,1
349833322,0.4956637550536691,0.1,0.005208505354389435,1310.877864859578,0.2975688870817332,0
349833322,0.4956637550536691,0.1,0.005208505354389435,1310.877864859578,0.2975688870817332,0
349833322,0.4956637550536691,0.1,0.005208505354389435,1310.877864859578,0.2975688870817332,0
349833322,0.4956637550536691,0.1,0.005208505354389435,1310.877864859578,0.2975688870817332,0
349833322,0.4956637550536691,0.1,0.005208505354389435,1310.877864859578,0.2975688870817332,0
355210936,6.44414045632459,0.1,0.0009928342840133477,1311.3252898051555,0.018668069952476368,1
355210936,6.44414045632459,0.1,0.0009928342840133477,1311.3252898051555,0.018668069952476368,1
355210936,6.44414045632459,0.1,0.0009928342840133477,1311.3252898051555,0.018668069952476368,1
355210936,6.44414045632459,0.1,0.0009928342840133477,1311.3252898051555,0.018668069952476368,0
355210936,6.44414045632459,0.1,0.0009928342840133477,1311.3252898051555,0.018668069952476368,0
355210936,6.44414045632459,0.1,0.0009928342840133477,1311.3252898051555,0.018668069952476368,0
355210936,6.44414045632459,0.1,0.0009928342840133477,1311.3252898051555,0.018668069952476368,0
355210936,6.44414045632459,0.1,0.0009928342840133477,1311.3252898051555,0.018668069952476368,0
365954483,14.146915737386406,0.08,0.007587551778380523,1324.6804853021295,0.06291855175834639,1
365954483,14.146915737386406,0.08,0.007587551778380523,1324.6804853021295,0.06291855175834639,1
365954483,14.146915737386406,0.08,0.007587551778380523,1324.6804853021295,0.06291855175834639,1
365954483,14.146915737386406,0.08,0.007587551778380523,1324.6804853021295,0.06291855175834639,0
365954483,14.146915737386406,0.08,0.007587551778380523,1324.6804853021295,0.06291855175834639,0
365954483,14.146915737386406,0.08,0.007587551778380523,1324.6804853021295,0.06291855175834639,0
365954483,14.146915737386406,0.08,0.007587551778380523,1324.6804853021295,0.06291855175834639,0
365954483,14.146915737386406,0.08,0.007587551778380523,1324.6804853021295,0.06291855175834639,0
370016967,4.823241660697271,0.02,0.001505845858250709,1310.9671231449372,0.013853795916901666,1
370016967,4.823241660697271,0.02,0.001505845858250709,1310.9671231449372,0.013853795916901666,1
370016967,4.823241660697271,0.02,0.001505845858250709,1310.9671231449372,0.013853795916901666,1
370016967,4.823241660697271,0.02,0.001505845858250709,1310.9671231449372,0.013853795916901666,0
370016967,4.823241660697271,0.02,0.001505845858250709,1310.9671231449372,0.013853795916901666,0
370016967,4.823241660697271,0.02,0.001505845858250709,1310.9671231449372,0.013853795916901666,0
370016967,4.823241660697271,0.02,0.001505845858250709,1310.9671231449372,0.013853795916901666,0
370016967,4.823241660697271,0.02,0.001505845858250709,1310.9671231449372,0.013853795916901666,0
370114320,4.557982252408365,0.1,0.003114406443019792,1312.1146307464699,0.06403158397744697,1
370114320,4.557982252408365,0.1,0.003114406443019792,1312.1146307464699,0.06403158397744697,1
370114320,4.557982252408365,0.1,0.003114406443019792,1312.1146307464699,0.06403158397744697,1
370114320,4.557982252408365,0.1,0.003114406443019792,1312.1146307464699,0.06403158397744697,0
370114320,4.557982252408365,0.1,0.003114406443019792,1312.1146307464699,0.06403158397744697,0
370114320,4.557982252408365,0.1,0.003114406443019792,1312.1146307464699,0.06403158397744697,0
370114320,4.557982252408365,0.1,0.003114406443019792,1312.1146307464699,0.06403158397744697,0
370114320,4.557982252408365,0.1,0.003114406443019792,1312.1146307464699,0.06403158397744697,0
374861626,13.341731372909203,0.02,0.0060223810944226115,1311.1538833702,0.03184521815604522,1
374861626,13.341731372909203,0.02,0.0060223810944226115,1311.1538833702,0.03184521815604522,1
374861626,13.341731372909203,0.02,0.0060223810944226115,1311.1538833702,0.03184521815604522,1
374861626,13.341731372909203,0.02,0.0060223810944226115,1311.1538833702,0.03184521815604522,0
374861626,13.341731372909203,0.02,0.0060223810944226115,1311.1538833702,0.03184521815604522,0
374861626,13.341731372909203,0.02,0.0060223810944226115,1311.1538833702,0.03184521815604522,0
374861626,13.341731372909203,0.02,0.0060223810944226115,1311.1538833702,0.03184521815604522,0
374861626,13.341731372909203,0.02,0.0060223810944226115,1311.1538833702,0.03184521815604522,0
375034775,15.176358099980185,0.04,0.030575980930062738,1323.6395333897228,0.1701083894253023,1
375034775,15.176358099980185,0.04,0.030575980930062738,1323.6395333897228,0.1701083894253023,1
375034775,15.176358099980185,0.04,0.030575980930062738,1323.6395333897228,0.1701083894253023,1
375034775,15.176358099980185,0.04,0.030575980930062738,1323.6395333897228,0.1701083894253023,0
375034775,15.176358099980185,0.04,0.030575980930062738,1323.6395333897228,0.1701083894253023,0
375034775,15.176358099980185,0.04,0.030575980930062738,1323.6395333897228,0.1701083894253023,0
375034775,15.176358099980185,0.04,0.030575980930062738,1323.6395333897228,0.1701083894253023,0
375034775,15.176358099980185,0.04,0.030575980930062738,1323.6395333897228,0.1701083894253023,0
379236118,11.4665641600818,0.1,0.001144929132155064,1314.5567540324644,0.016736200224811478,1
379236118,11.4665641600818,0.1,0.001144929132155064,1314.5567540324644,0.016736200224811478,1
379236118,11.4665641600818,0.1,0.001144929132155064,1314.5567540324644,0.016736200224811478,1
379236118,11.4665641600818,0.1,0.001144929132155064,1314.5567540324644,0.016736200224811478,0
379236118,11.4665641600818,0.1,0.001144929132155064,1314.5567540324644,0.016736200224811478,0
379236118,11.4665641600818,0.1,0.001144929132155064,1314.5567540324644,0.016736200224811478,0
379236118,11.4665641600818,0.1,0.001144929132155064,1314.5567540324644,0.016736200224811478,0
379236118,11.4665641600818,0.1,0.001144929132155064,1314.5567540324644,0.016736200224811478,0
382246231,17.521475712304962,0.1,0.0017944196674869644,1325.8391026499364,0.015198832017085231,1
382246231,17.521475712304962,0.1,0.0017944196674869644,1325.8391026499364,0.015198832017085231,1
382246231,17.521475712304962,0.1,0.0017944196674869644,1325.8391026499364,0.015198832017085231,1
382246231,17.521475712304962,0.1,0.0017944196674869644,1325.8391026499364,0.015198832017085231,0
382246231,17.521475712304962,0.1,0.0017944196674869644,1325.8391026499364,0.015198832017085231,0
382246231,17.521475712304962,0.1,0.0017944196674869644,1325.8391026499364,0.015198832017085231,0
382246231,17.521475712304962,0.1,0.0017944196674869644,1325.8391026499364,0.015198832017085231,0
382246231,17.521475712304962,0.1,0.0017944196674869644,1325.8391026499364,0.015198832017085231,0
382257554,15.058701561577134,0.1,0.0017298331469376412,1320.7512884558332,0.020683429052513202,1
382257554,15.058701561577134,0.1,0.0017298331469376412,1320.7512884558332,0.020683429052513202,1
382257554,15.058701561577134,0.1,0.0017298331469376412,1320.7512884558332,0.020683429052513202,1
382257554,15.058701561577134,0.1,0.0017298331469376412,1320.7512884558332,0.020683429052513202,0
382257554,15.058701561577134,0.1,0.0017298331469376412,1320.7512884558332,0.020683429052513202,0
382257554,15.058701561577134,0.1,0.0017298331469376412,1320.7512884558332,0.020683429052513202,0
382257554,15.058701561577134,0.1,0.0017298331469376412,1320.7512884558332,0.020683429052513202,0
382257554,15.058701561577134,0.1,0.0017298331469376412,1320.7512884558332,0.020683429052513202,0
382578987,0.457791844016735,0.06,0.0019567218813643086,1310.8175215401566,0.093590426277228,1
382578987,0.457791844016735,0.06,0.0019567218813643086,1310.8175215401566,0.093590426277228,1
382578987,0.457791844016735,0.06,0.0019567218813643086,1310.8175215401566,0.093590426277228,1
382578987,0.457791844016735,0.06,0.0019567218813643086,1310.8175215401566,0.093590426277228,0
382578987,0.457791844016735,0.06,0.0019567218813643086,1310.8175215401566,0.093590426277228,0
382578987,0.457791844016735,0.06,0.0019567218813643086,1310.8175215401566,0.093590426277228,0
382578987,0.457791844016735,0.06,0.0019567218813643086,1310.8175215401566,0.093590426277228,0
382578987,0.457791844016735,0.06,0.0019567218813643086,1310.8175215401566,0.093590426277228,0
38634572,1.035949741352085,0.1,0.004296485480107337,1310.700417738125,0.18297110607465572,1
38634572,1.035949741352085,0.1,0.004296485480107337,1310.700417738125,0.18297110607465572,1
38634572,1.035949741352085,0.1,0.004296485480107337,1310.700417738125,0.18297110607465572,1
38634572,1.035949741352085,0.1,0.004296485480107337,1310.700417738125,0.18297110607465572,0
38634572,1.035949741352085,0.1,0.004296485480107337,1310.700417738125,0.18297110607465572,0
38634572,1.035949741352085,0.1,0.004296485480107337,1310.700417738125,0.18297110607465572,0
38634572,1.035949741352085,0.1,0.004296485480107337,1310.700417738125,0.18297110607465572,0
38634572,1.035949741352085,0.1,0.004296485480107337,1310.700417738125,0.18297110607465572,0
388202207,7.779526001157549,0.1,0.0021329289190945818,1313.7431425019277,0.035936473428497824,1
388202207,7.779526001157549,0.1,0.0021329289190945818,1313.7431425019277,0.035936473428497824,1
388202207,7.779526001157549,0.1,0.0021329289190945818,1313.7431425019277,0.035936473428497824,1
388202207,7.779526001157549,0.1,0.0021329289190945818,1313.7431425019277,0.035936473428497824,0
388202207,7.779526001157549,0.1,0.0021329289190945818,1313.7431425019277,0.035936473428497824,0
388202207,7.779526001157549,0.1,0.0021329289190945818,1313.7431425019277,0.035936473428497824,0
388202207,7.779526001157549,0.1,0.0021329289190945818,1313.7431425019277,0.035936473428497824,0
388202207,7.779526001157549,0.1,0.0021329289190945818,1313.7431425019277,0.035936473428497824,0
391001489,13.324787323484601,0.02,0.010578560194524345,1314.6038599874744,0.05692613641774186,1
391001489,13.324787323484601,0.02,0.010578560194524345,1314.6038599874744,0.05692613641774186,1
391001489,13.324787323484601,0.02,0.010578560194524345,1314.6038599874744,0.05692613641774186,1
391001489,13.324787323484601,0.02,0.010578560194524345,1314.6038599874744,0.05692613641774186,0
391001489,13.324787323484601,0.02,0.010578560194524345,1314.6038599874744,0.05692613641774186,0
391001489,13.324787323484601,0.02,0.010578560194524345,1314.6038599874744,0.05692613641774186,0
391001489,13.324787323484601,0.02,0.010578560194524345,1314.6038599874744,0.05692613641774186,0
391001489,13.324787323484601,0.02,0.010578560194524345,1314.6038599874744,0.05692613641774186,0
394631720,0.7757516863547234,0.02,0.0074612651323432075,1310.9629994016689,0.16761073836431303,1
394631720,0.7757516863547234,0.02,0.0074612651323432075,1310.9629994016689,0.16761073836431303,1
394631720,0.7757516863547234,0.02,0.0074612651323432075,1310.9629994016689,0.16761073836431303,1
394631720,0.7757516863547234,0.02,0.0074612651323432075,1310.9629994016689,0.16761073836431303,0
394631720,0.7757516863547234,0.02,0.0074612651323432075,1310.9629994016689,0.16761073836431303,0
394631720,0.7757516863547234,0.02,0.0074612651323432075,1310.9629994016689,0.16761073836431303,0
394631720,0.7757516863547234,0.02,0.0074612651323432075,1310.9629994016689,0.16761073836431303,0
394631720,0.7757516863547234,0.02,0.0074612651323432075,1310.9629994016689,0.16761073836431303,0
405867785,15.08654530185095,0.02,0.005708631853704326,1323.4273706266779,0.03018617120097615,1
405867785,15.08654530185095,0.02,0.005708631853704326,1323.4273706266779,0.03018617120097615,1
405867785,15.08654530185095,0.02,0.005708631853704326,1323.4273706266779,0.03018617120097615,1
405867785,15.08654530185095,0.02,0.005708631853704326,1323.4273706266779,0.03018617120097615,0
405867785,15.08654530185095,0.02,0.005708631853704326,1323.4273706266779,0.03018617120097615,0
405867785,15.08654530185095,0.02,0.005708631853704326,1323.4273706266779,0.03018617120097615,0
405867785,15.08654530185095,0.02,0.005708631853704326,1323.4273706266779,0.03018617120097615,0
405867785,15.08654530185095,0.02,0.005708631853704326,1323.4273706266779,0.03018617120097615,0
406234326,7.285753925940047,0.1,0.001957367846697089,1315.97120317907,0.032978547471936064,1
406234326,7.285753925940047,0.1,0.001957367846697089,1315.97120317907,0.032978547471936064,1
406234326,7.285753925940047,0.1,0.001957367846697089,1315.97120317907,0.032978547471936064,1
406234326,7.285753925940047,0.1,0.001957367846697089,1315.97120317907,0.032978547471936064,0
406234326,7.285753925940047,0.1,0.001957367846697089,1315.97120317907,0.032978547471936064,0
406234326,7.285753925940047,0.1,0.001957367846697089,1315.97120317907,0.032978547471936064,0
406234326,7.285753925940047,0.1,0.001957367846697089,1315.97120317907,0.032978547471936064,0
406234326,7.285753925940047,0.1,0.001957367846697089,1315.97120317907,0.032978547471936064,0
407621351,0.7546815836153615,0.04,0.002908630548746731,1311.1813478929623,0.0923696014846021,1
407621351,0.7546815836153615,0.04,0.002908630548746731,1311.1813478929623,0.0923696014846021,1
407621351,0.7546815836153615,0.04,0.002908630548746731,1311.1813478929623,0.0923696014846021,1
407621351,0.7546815836153615,0.04,0.002908630548746731,1311.1813478929623,0.0923696014846021,0
407621351,0.7546815836153615,0.04,0.002908630548746731,1311.1813478929623,0.0923696014846021,0
407621351,0.7546815836153615,0.04,0.002908630548746731,1311.1813478929623,0.0923696014846021,0
407621351,0.7546815836153615,0.04,0.002908630548746731,1311.1813478929623,0.0923696014846021,0
407621351,0.7546815836153615,0.04,0.002908630548746731,1311.1813478929623,0.0923696014846021,0
409891588,13.667680010962565,0.02,0.0038311532369482626,1317.3182260525155,0.020258417510782452,1
409891588,13.667680010962565,0.02,0.0038311532369482626,1317.3182260525155,0.020258417510782452,1
409891588,13.667680010962565,0.02,0.0038311532369482626,1317.3182260525155,0.020258417510782452,1
409891588,13.667680010962565,0.02,0.0038311532369482626,1317.3182260525155,0.020258417510782452,0
409891588,13.667680010962565,0.02,0.0038311532369482626,1317.3182260525155,0.020258417510782452,0
409891588,13.667680010962565,0.02,0.0038311532369482626,1317.3182260525155,0.020258417510782452,0
409891588,13.667680010962565,0.02,0.0038311532369482626,1317.3182260525155,0.020258417510782452,0
409891588,13.667680010962565,0.02,0.0038311532369482626,1317.3182260525155,0.020258417510782452,0
410417579,22.164568256658765,0.1,0.0005306638078539416,1316.6919851772784,0.004494751266527481,1
410417579,22.164568256658765,0.1,0.0005306638078539416,1316.6919851772784,0.004494751266527481,1
410417579,22.164568256658765,0.1,0.0005306638078539416,1316.6919851772784,0.004494751266527481,1
410417579,22.164568256658765,0.1,0.0005306638078539416,1316.6919851772784,0.004494751266527481,0
410417579,22.164568256658765,0.1,0.0005306638078539416,1316.6919851772784,0.004494751266527481,0
410417579,22.164568256658765,0.1,0.0005306638078539416,1316.6919851772784,0.004494751266527481,0
410417579,22.164568256658765,0.1,0.0005306638078539416,1316.6919851772784,0.004494751266527481,0
410417579,22.164568256658765,0.1,0.0005306638078539416,1316.6919851772784,0.004494751266527481,0
410442002,1.5336640470084149,0.1,0.0012449182560381135,1310.7042401173967,0.04334657381695948,1
410442002,1.5336640470084149,0.1,0.0012449182560381135,1310.7042401173967,0.04334657381695948,1
410442002,1.5336640470084149,0.1,0.0012449182560381135,1310.7042401173967,0.04334657381695948,1
410442002,1.5336640470084149,0.1,0.0012449182560381135,1310.7042401173967,0.04334657381695948,0
410442002,1.5336640470084149,0.1,0.0012449182560381135,1310.7042401173967,0.04334657381695948,0
410442002,1.5336640470084149,0.1,0.0012449182560381135,1310.7042401173967,0.04334657381695948,0
410442002,1.5336640470084149,0.1,0.0012449182560381135,1310.7042401173967,0.04334657381695948,0
410442002,1.5336640470084149,0.1,0.0012449182560381135,1310.7042401173967,0.04334657381695948,0
41261064,14.436952431670653,0.04,0.005525026681461943,1324.336391510703,0.041653787407766464,1
41261064,14.436952431670653,0.04,0.005525026681461943,1324.336391510703,0.041653787407766464,1
41261064,14.436952431670653,0.04,0.005525026681461943,1324.336391510703,0.041653787407766464,1
41261064,14.436952431670653,0.04,0.005525026681461943,1324.336391510703,0.041653787407766464,0
41261064,14.436952431670653,0.04,0.005525026681461943,1324.336391510703,0.041653787407766464,0
41261064,14.436952431670653,0.04,0.005525026681461943,1324.336391510703,0.041653787407766464,0
41261064,14.436952431670653,0.04,0.005525026681461943,1324.336391510703,0.041653787407766464,0
41261064,14.436952431670653,0.04,0.005525026681461943,1324.336391510703,0.041653787407766464,0
425817867,14.718753420595428,0.02,0.006684527433994876,1323.9313543248554,0.03597127714910547,1
425817867,14.718753420595428,0.02,0.006684527433994876,1323.9313543248554,0.03597127714910547,1
425817867,14.718753420595428,0.02,0.006684527433994876,1323.9313543248554,0.03597127714910547,1
425817867,14.718753420595428,0.02,0.006684527433994876,1323.9313543248554,0.03597127714910547,0
425817867,14.718753420595428,0.02,0.006684527433994876,1323.9313543248554,0.03597127714910547,0
425817867,14.718753420595428,0.02,0.006684527433994876,1323.9313543248554,0.03597127714910547,0
425817867,14.718753420595428,0.02,0.006684527433994876,1323.9313543248554,0.03597127714910547,0
425817867,14.718753420595428,0.02,0.006684527433994876,1323.9313543248554,0.03597127714910547,0
441290366,4.5645367085366875,0.1,0.09258801385067363,1311.0375821948094,2.0523427033938666,1
441290366,4.5645367085366875,0.1,0.09258801385067363,1311.0375821948094,2.0523427033938666,1
441290366,4.5645367085366875,0.1,0.09258801385067363,1311.0375821948094,2.0523427033938666,1
441290366,4.5645367085366875,0.1,0.09258801385067363,1311.0375821948094,2.0523427033938666,0
441290366,4.5645367085366875,0.1,0.09258801385067363,1311.0375821948094,2.0523427033938666,0
441290366,4.5645367085366875,0.1,0.09258801385067363,1311.0375821948094,2.0523427033938666,0
441290366,4.5645367085366875,0.1,0.09258801385067363,1311.0375821948094,2.0523427033938666,0
441290366,4.5645367085366875,0.1,0.09258801385067363,1311.0375821948094,2.0523427033938666,0
453079202,8.179352634126493,0.06,0.0013754050661548799,1315.8404371143097,0.015631182049156037,1
453079202,8.179352634126493,0.06,0.0013754050661548799,1315.8404371143097,0.015631182049156037,1
453079202,8.179352634126493,0.06,0.0013754050661548799,1315.8404371143097,0.015631182049156037,1
453079202,8.179352634126493,0.06,0.0013754050661548799,1315.8404371143097,0.015631182049156037,0
453079202,8.179352634126493,0.06,0.0013754050661548799,1315.8404371143097,0.015631182049156037,0
453079202,8.179352634126493,0.06,0.0013754050661548799,1315.8404371143097,0.015631182049156037,0
453079202,8.179352634126493,0.06,0.0013754050661548799,1315.8404371143097,0.015631182049156037,0
453079202,8.179352634126493,0.06,0.0013754050661548799,1315.8404371143097,0.015631182049156037,0
464307773,7.767795562746677,0.1,0.05004898307066351,1317.4486277623528,0.7315996931112935,1
464307773,7.767795562746677,0.1,0.05004898307066351,1317.4486277623528,0.7315996931112935,1
464307773,7.767795562746677,0.1,0.05004898307066351,1317.4486277623528,0.7315996931112935,1
464307773,7.767795562746677,0.1,0.05004898307066351,1317.4486277623528,0.7315996931112935,0
464307773,7.767795562746677,0.1,0.05004898307066351,1317.4486277623528,0.7315996931112935,0
464307773,7.767795562746677,0.1,0.05004898307066351,1317.4486277623528,0.7315996931112935,0
464307773,7.767795562746677,0.1,0.05004898307066351,1317.4486277623528,0.7315996931112935,0
464307773,7.767795562746677,0.1,0.05004898307066351,1317.4486277623528,0.7315996931112935,0
466129772,0.4551977762416357,0.1,0.025805181348837403,1310.850049829055,1.508243193340784,1
466129772,0.4551977762416357,0.1,0.025805181348837403,1310.850049829055,1.508243193340784,1
466129772,0.4551977762416357,0.1,0.025805181348837403,1310.850049829055,1.508243193340784,1
466129772,0.4551977762416357,0.1,0.025805181348837403,1310.850049829055,1.508243193340784,0
466129772,0.4551977762416357,0.1,0.025805181348837403,1310.850049829055,1.508243193340784,0
466129772,0.4551977762416357,0.1,0.025805181348837403,1310.850049829055,1.508243193340784,0
466129772,0.4551977762416357,0.1,0.025805181348837403,1310.850049829055,1.508243193340784,0
466129772,0.4551977762416357,0.1,0.025805181348837403,1310.850049829055,1.508243193340784,0
50316633,24.311746393737266,0.1,0.0017199051953642032,1312.2038977096054,0.02056472160239322,1
50316633,24.311746393737266,0.1,0.0017199051953642032,1312.2038977096054,0.02056472160239322,1
50316633,24.311746393737266,0.1,0.0017199051953642032,1312.2038977096054,0.02056472160239322,1
50316633,24.311746393737266,0.1,0.0017199051953642032,1312.2038977096054,0.02056472160239322,0
50316633,24.311746393737266,0.1,0.0017199051953642032,1312.2038977096054,0.02056472160239322,0
50316633,24.311746393737266,0.1,0.0017199051953642032,1312.2038977096054,0.02056472160239322,0
50316633,24.311746393737266,0.1,0.0017199051953642032,1312.2038977096054,0.02056472160239322,0
50316633,24.311746393737266,0.1,0.0017199051953642032,1312.2038977096054,0.02056472160239322,0
55270064,19.467417110850473,0.02,0.007503515933281142,1310.7640288639666,0.040378479091300205,1
55270064,19.467417110850473,0.02,0.007503515933281142,1310.7640288639666,0.040378479091300205,1
55270064,19.467417110850473,0.02,0.007503515933281142,1310.7640288639666,0.040378479091300205,1
55270064,19.467417110850473,0.02,0.007503515933281142,1310.7640288639666,0.040378479091300205,0
55270064,19.467417110850473,0.02,0.007503515933281142,1310.7640288639666,0.040378479091300205,0
55270064,19.467417110850473,0.02,0.007503515933281142,1310.7640288639666,0.040378479091300205,0
55270064,19.467417110850473,0.02,0.007503515933281142,1310.7640288639666,0.040378479091300205,0
55270064,19.467417110850473,0.02,0.007503515933281142,1310.7640288639666,0.040378479091300205,0
55849446,16.719159846498805,0.1,0.0027032770290312054,1317.433828584946,0.03232279294580497,1
55849446,16.719159846498805,0.1,0.0027032770290312054,1317.433828584946,0.03232279294580497,1
55849446,16.719159846498805,0.1,0.0027032770290312054,1317.433828584946,0.03232279294580497,1
55849446,16.719159846498805,0.1,0.0027032770290312054,1317.433828584946,0.03232279294580497,0
55849446,16.719159846498805,0.1,0.0027032770290312054,1317.433828584946,0.03232279294580497,0
55849446,16.719159846498805,0.1,0.0027032770290312054,1317.433828584946,0.03232279294580497,0
55849446,16.719159846498805,0.1,0.0027032770290312054,1317.433828584946,0.03232279294580497,0
55849446,16.719159846498805,0.1,0.0027032770290312054,1317.433828584946,0.03232279294580497,0
61269826,0.4038356207417292,0.1,0.0015028061666812773,1310.8794735950987,0.09172201902281626,1
61269826,0.4038356207417292,0.1,0.0015028061666812773,1310.8794735950987,0.09172201902281626,1
61269826,0.4038356207417292,0.1,0.0015028061666812773,1310.8794735950987,0.09172201902281626,1
61269826,0.4038356207417292,0.1,0.0015028061666812773,1310.8794735950987,0.09172201902281626,0
61269826,0.4038356207417292,0.1,0.0015028061666812773,1310.8794735950987,0.09172201902281626,0
61269826,0.4038356207417292,0.1,0.0015028061666812773,1310.8794735950987,0.09172201902281626,0
61269826,0.4038356207417292,0.1,0.0015028061666812773,1310.8794735950987,0.09172201902281626,0
61269826,0.4038356207417292,0.1,0.0015028061666812773,1310.8794735950987,0.09172201902281626,0
80089548,10.109416980528575,0.1,0.006552000673615336,1320.4895143428375,0.07834156798570516,1
80089548,10.109416980528575,0.1,0.006552000673615336,1320.4895143428375,0.07834156798570516,1
80089548,10.109416980528575,0.1,0.006552000673615336,1320.4895143428375,0.07834156798570516,1
80089548,10.109416980528575,0.1,0.006552000673615336,1320.4895143428375,0.07834156798570516,0
80089548,10.109416980528575,0.1,0.006552000673615336,1320.4895143428375,0.07834156798570516,0
80089548,10.109416980528575,0.1,0.006552000673615336,1320.4895143428375,0.07834156798570516,0
80089548,10.109416980528575,0.1,0.006552000673615336,1320.4895143428375,0.07834156798570516,0
80089548,10.109416980528575,0.1,0.006552000673615336,1320.4895143428375,0.07834156798570516,0
90904124,16.325962652207078,0.1,0.0024899617285341616,1322.5291999655892,0.02109011104072555,1
90904124,16.325962652207078,0.1,0.0024899617285341616,1322.5291999655892,0.02109011104072555,1
90904124,16.325962652207078,0.1,0.0024899617285341616,1322.5291999655892,0.02109011104072555,1
90904124,16.325962652207078,0.1,0.0024899617285341616,1322.5291999655892,0.02109011104072555,0
90904124,16.325962652207078,0.1,0.0024899617285341616,1322.5291999655892,0.02109011104072555,0
90904124,16.325962652207078,0.1,0.0024899617285341616,1322.5291999655892,0.02109011104072555,0
90904124,16.325962652207078,0.1,0.0024899617285341616,1322.5291999655892,0.02109011104072555,0
90904124,16.325962652207078,0.1,0.0024899617285341616,1322.5291999655892,0.02109011104072555,0
91330736,1.0406041918007398,0.08,0.002080845049340354,1311.0591136566666,0.07745078604333536,1
91330736,1.0406041918007398,0.08,0.002080845049340354,1311.0591136566666,0.07745078604333536,1
91330736,1.0406041918007398,0.08,0.002080845049340354,1311.0591136566666,0.07745078604333536,1
91330736,1.0406041918007398,0.08,0.002080845049340354,1311.0591136566666,0.07745078604333536,0
91330736,1.0406041918007398,0.08,0.002080845049340354,1311.0591136566666,0.07745078604333536,0
91330736,1.0406041918007398,0.08,0.002080845049340354,1311.0591136566666,0.07745078604333536,0
91330736,1.0406041918007398,0.08,0.002080845049340354,1311.0591136566666,0.07745078604333536,0
91330736,1.0406041918007398,0.08,0.002080845049340354,1311.0591136566666,0.07745078604333536,0
97176846,3.9668572390126777,0.06,0.003544759900782527,1313.9738517563976,0.06123593103876551,1
97176846,3.9668572390126777,0.06,0.003544759900782527,1313.9738517563976,0.06123593103876551,1
97176846,3.9668572390126777,0.06,0.003544759900782527,1313.9738517563976,0.06123593103876551,1
97176846,3.9668572390126777,0.06,0.003544759900782527,1313.9738517563976,0.06123593103876551,0
97176846,3.9668572390126777,0.06,0.003544759900782527,1313.9738517563976,0.06123593103876551,0
97176846,3.9668572390126777,0.06,0.003544759900782527,1313.9738517563976,0.06123593103876551,0
97176846,3.9668572390126777,0.06,0.003544759900782527,1313.9738517563976,0.06123593103876551,0
97176846,3.9668572390126777,0.06,0.003544759900782527,1313.9738517563976,0.06123593103876551,0
98558009,22.720176030608226,0.02,0.01056060447443004,1315.791616006893,0.05584248955274304,1
98558009,22.720176030608226,0.02,0.01056060447443004,1315.791616006893,0.05584248955274304,1
98558009,22.720176030608226,0.02,0.01056060447443004,1315.791616006893,0.05584248955274304,1
98558009,22.720176030608226,0.02,0.01056060447443004,1315.791616006893,0.05584248955274304,0
98558009,22.720176030608226,0.02,0.01056060447443004,1315.791616006893,0.05584248955274304,0
98558009,22.720176030608226,0.02,0.01056060447443004,1315.791616006893,0.05584248955274304,0
98558009,22.720176030608226,0.02,0.01056060447443004,1315.791616006893,0.05584248955274304,0
98558009,22.720176030608226,0.02,0.01056060447443004,1315.791616006893,0.05584248955274304,0
