kepler_id,source,window_idx,label,mean,std,var,skew,range,median,mad,peak_to_peak
kplr001026957,kepler,0,1,-0.48852758495231313,1.1723496109963534,1.3744036104033013,1.423662117588766,4.416376876477871,0.01159053450898812,0.41773614896081074,4.416376876477871
kplr001026957,kepler,1,1,-0.1561441263274597,1.580561960779829,2.4981761118641774,2.464585368777188,5.608864889084593,-0.272488271430812,1.151329266624384,5.608864889084593
kplr001026957,kepler,2,1,0.06851016992778608,1.0148769014061467,1.0299751250077418,1.880691966934972,3.5329413968114065,0.09992897276168461,0.8928543857406129,3.5329413968114065
kplr002692377,kepler,0,1,-0.005093805215226541,0.38196964275127,0.14590080798353283,0.5309864514542966,3.165734061276389,0.012218221577324561,0.2625399420565496,3.165734061276389
kplr002692377,kepler,1,1,0.08491094827488069,0.8032514269612092,0.6452128549152188,0.9398302062166944,4.07692671756911,0.08802692052367989,0.47136267719098845,4.07692671756911
kplr002692377,kepler,2,1,-0.037995481795474295,0.7568219267189955,0.5727794287626525,0.8092632895284362,7.644539362902057,0.06649352935057405,0.40055176180801716,7.644539362902057
kplr003561464,kepler,0,1,0.011127415712575757,0.433018186892978,0.187504750180082,0.5323219705624674,4.042089094026055,0.009794640543161098,0.26399486285311635,4.042089094026055
kplr003561464,kepler,1,1,-0.04081676583750574,0.5275047220064543,0.27826123173910655,0.6906058731912836,4.978439987006782,-0.04625246923306675,0.3456168673822916,4.978439987006782
kplr003561464,kepler,2,1,0.018127538516308182,0.7774256757060731,0.6043906812470444,0.8573212890016024,12.339975689846558,0.016994119917307787,0.4316298413895529,12.339975689846558
kplr003762468,kepler,0,1,-0.029477077279249503,1.098913064729661,1.207609923833536,1.38136125389065,5.934739795358665,-0.006722876244079361,0.679017402988983,5.934739795358665
kplr003762468,kepler,1,1,0.07999914417080772,1.0255238361667627,1.051699138546193,1.4829671057910108,5.453508859283524,0.04184196693183685,0.7732826194832381,5.453508859283524
kplr003762468,kepler,2,1,-0.03765670984877121,0.8382742868178847,0.7027037799400333,1.1297052510609236,5.866931236609373,-0.04557641252320944,0.5648388923103107,5.866931236609373
kplr004141376,kepler,0,1,-0.02390486707442252,0.515639051748829,0.26588363168843154,0.5164998532252902,6.373314101413983,0.006819417674273218,0.25885372921875827,6.373314101413983
kplr004141376,kepler,1,1,-0.010754956446838063,0.9496606356762602,0.9018553229530386,0.6437246142110824,7.614163975728613,-0.0062511328686130395,0.3212229866985781,7.614163975728613
kplr004141376,kepler,2,1,-0.02806627685879995,0.31243083239109315,0.09761302502859136,0.3709479072404182,3.2213224238848115,-0.021310680232103807,0.18611327402703992,3.2213224238848115
kplr004633570,kepler,0,1,0.04229371417473768,1.1568027542346788,1.3381926122049386,1.7104585747335497,7.02526632355549,0.0544576066259683,0.8590981281253474,7.02526632355549
kplr004633570,kepler,1,1,0.042453372723845424,0.6178927875065242,0.38179149685258273,0.8631922431558243,4.936523273442631,0.011596727741932817,0.43048933928499256,4.936523273442631
kplr004633570,kepler,2,1,-0.06213338047764043,0.8175261559932497,0.6683490157330992,1.1357937013600274,7.106863544507197,-0.09449765984297417,0.5639692427199368,7.106863544507197
kplr004645174,kepler,0,1,-0.006587647738047868,0.9524072938376783,0.9070796533552097,1.2771529317067638,8.587063503469711,-0.007439800280931747,0.6385189416245497,8.587063503469711
kplr004645174,kepler,1,1,0.019170024207031615,0.7146016384104356,0.5106555016188788,0.9239541657991377,11.218298435766034,-0.010507759159607576,0.4634918875958079,11.218298435766034
kplr004645174,kepler,2,1,0.028420189871059914,0.663632437878213,0.4404080126041803,0.8731794463571243,7.574790471450621,0.02791842579595004,0.43733753815523935,7.574790471450621
kplr005474613,kepler,0,1,0.0022227214081118694,0.25932577863500333,0.06724985946465076,0.32199926978439203,3.7653621316781014,-0.0010833460761129807,0.16123176406368528,3.7653621316781014
kplr005474613,kepler,1,1,0.01813191465160555,0.472137756990241,0.22291406157577587,0.36391663972265115,7.118376351033698,0.0020529769515663944,0.18229877597943425,7.118376351033698
kplr005474613,kepler,2,1,0.3610692898267492,2.2341566377877946,4.9914558821712625,0.9680492455632257,25.188279966235676,0.16490666681520555,0.48266181633279687,25.188279966235676
kplr005601258,kepler,0,1,-0.21676487368941574,0.8132929322221528,0.6614453936025072,1.1830425485239244,3.479724367102351,0.06613332963358892,0.4778420572121476,3.479724367102351
kplr005601258,kepler,1,1,-0.1998054712667923,0.8447667934025362,0.7136309352356034,1.1138748172163935,3.90377853710777,-0.2540168305410693,0.5957472674608434,3.90377853710777
kplr005601258,kepler,2,1,-0.1345687318046693,0.8804572979239752,0.7752050534675876,1.2623428928254297,3.788194159189631,0.0674092249819118,0.5587310133362249,3.788194159189631
kplr005695396,kepler,0,1,0.01388173759465483,0.6354483097495393,0.40379455436354644,1.0018267763307163,2.852653752235011,-0.008732012838329407,0.502891990325397,2.852653752235011
kplr005695396,kepler,1,1,0.09425804294797857,0.7326190552248709,0.5367306800785825,0.9395416884998908,3.7988507389094353,0.04951411025261314,0.45422818843913587,3.7988507389094353
kplr005695396,kepler,2,1,0.0027532821380864686,0.31930029948180594,0.10195268124917095,0.37138853106174086,1.7425434758741254,0.007391141953267826,0.18425528214164055,1.7425434758741254
kplr005880320,kepler,0,1,-0.020730057696360483,0.8670503669119974,0.7517763387622294,1.1200762959170407,8.83476878272413,-0.03749389678522061,0.5622647970013543,8.83476878272413
kplr005880320,kepler,1,1,-0.0010108442337403989,0.7902305998064986,0.6244644008705384,1.0479256841913243,6.011377796453416,0.03131674137616127,0.5194556734686697,6.011377796453416
kplr005880320,kepler,2,1,-0.02419473573271346,0.8112546154645153,0.6581340511124785,1.0591937009763082,7.266666735409992,-0.015741906054111354,0.527595205919252,7.266666735409992
kplr006197215,kepler,0,1,0.012713052808883088,0.6220454331831246,0.3869405209439811,0.7798799406449344,7.930210607657885,0.00676572521079918,0.3888990895202605,7.930210607657885
kplr006197215,kepler,1,1,-0.017643768188416675,0.6555404236626642,0.4297332470558253,0.8396655316902406,11.325043342276096,-0.030705983648526967,0.41934485296958385,11.325043342276096
kplr006197215,kepler,2,1,0.007147859748492191,0.4826400364521086,0.23294140478649272,0.6022796538613348,5.28400209401117,0.004163523206645649,0.2996435607790061,5.28400209401117
kplr006665695,kepler,0,1,0.07981821159257768,0.7749559621046136,0.6005567432014873,0.9428852013888158,10.721463306253503,0.04666944161961283,0.47083631021956485,10.721463306253503
kplr006665695,kepler,1,1,0.029178747010182585,0.561795106241143,0.31561374139649717,0.7180845233748998,6.657365165227642,0.027504747585329788,0.35927886284833666,6.657365165227642
kplr006665695,kepler,2,1,-0.04044084247792684,0.6677451203484566,0.44588354574917477,0.7901829417139206,6.408785960767478,-0.04170109198178829,0.39570731875108756,6.408785960767478
kplr006693640,kepler,0,1,0.021480245901525752,0.7390135846188085,0.5461410782511408,0.991372094247744,5.174062954976551,-0.016795088632064716,0.49528716376881393,5.174062954976551
kplr006693640,kepler,1,1,-0.0036967236587225234,0.6007500459961942,0.3609006177644295,0.753973516428618,9.869465883930967,-0.008565495202199716,0.37587408359260954,9.869465883930967
kplr006693640,kepler,2,1,-0.01232940804303441,0.685373976665139,0.4697374878897865,0.7945336554759662,10.671263415240047,-0.026788166368485772,0.39535638640601106,10.671263415240047
kplr006786037,kepler,0,1,0.04818942033667711,0.8900744875847962,0.7922325934493375,1.1108782475275731,9.781197422240012,0.022091657948958572,0.557157792957476,9.781197422240012
kplr006786037,kepler,1,1,0.00786760350338514,0.9313680977178672,0.8674465334465987,1.209209298467786,6.303692384261165,0.0009269227111451149,0.6086020034258861,6.303692384261165
kplr006786037,kepler,2,1,0.04104801189677773,0.9065929713410569,0.8219108156850065,1.1323519570025788,13.018783965151375,0.04186600912005435,0.5627965727837527,13.018783965151375
kplr006879171,kepler,0,1,-0.05764870413276654,1.1160480072009147,1.245563154377133,1.3842098396845675,5.350538160067201,-0.01709753595340771,0.6790263605904518,5.350538160067201
kplr006879171,kepler,1,1,-0.09297472097896571,0.41547715781736183,0.172621268667993,0.6728168808043267,4.959114064861653,-0.14318610654961025,0.3279176700045229,4.959114064861653
kplr006879171,kepler,2,1,-0.219282318494867,1.0871782823217069,1.1819566175519771,1.563318460957937,5.566593458210622,-0.3468317638025803,0.7115930115209048,5.566593458210622
kplr007626506,kepler,0,1,0.04104065504445025,0.8644988455547061,0.7473582539654196,1.0955882018123966,11.361432707725172,0.09133326406755048,0.5472192907266988,11.361432707725172
kplr007626506,kepler,1,1,-0.006640350217644225,0.7139212164430476,0.5096835032875209,0.7957583690374418,14.273155779228928,0.032614193440121904,0.39900669679361106,14.273155779228928
kplr007626506,kepler,2,1,0.012512590945680144,0.6074127387462628,0.3689502351912357,0.6907449708900733,5.679478301168304,0.0575521119897226,0.34913085969424495,5.679478301168304
kplr007747425,kepler,0,1,0.007998944268770479,0.8811990605535973,0.7765117843205425,1.1909713776671853,7.032237202370004,-0.00939381818687229,0.5977484590250657,7.032237202370004
kplr007747425,kepler,1,1,0.03766097409546491,0.6810495652217081,0.46382851028867766,0.9033355734406407,6.600802352448769,0.01858910651941697,0.4479530723220655,6.600802352448769
kplr007747425,kepler,2,1,-0.04838256244425044,0.7840330134124404,0.614707766120592,1.0241765225574166,6.2212158852167105,-0.044991230328478085,0.5129994833687608,6.2212158852167105
kplr008036287,kepler,0,1,0.19918122723313333,0.9710115060879438,0.942863344955177,1.2667768921054667,6.858950455358952,-0.07545825794571032,0.5380838077492228,6.858950455358952
kplr008036287,kepler,1,1,-0.2146881027394419,0.699276837923769,0.48898809605666516,1.0624069713479498,3.2045008733797307,-0.17225769188593332,0.47704987103914925,3.2045008733797307
kplr008036287,kepler,2,1,-0.020556845927189562,0.675325736870887,0.4560648508802065,0.9578682118186193,3.058366441004589,-0.002149339550942931,0.4750332936238556,3.058366441004589
kplr008073705,kepler,0,1,0.016591642750901785,0.28125143328245944,0.07910236872343773,0.36514999648743734,3.506809359508174,0.002325384729089966,0.18234891917268453,3.506809359508174
kplr008073705,kepler,1,1,-0.0007122373854189928,0.2819166314390966,0.07947698708196743,0.34832325421160115,4.43205410560497,0.012014487766964826,0.17840868393752274,4.43205410560497
kplr008073705,kepler,2,1,0.6291257844815816,5.9767750219013305,35.72183966242365,11.0346195689756,30.536529522481196,-0.8869547386469494,4.475685183488049,30.536529522481196
kplr008161561,kepler,0,1,0.0007887134082585068,0.46985102519934613,0.22075998588087659,0.5596541954690842,8.64788747997922,0.0044868389810776045,0.28048257331348125,8.64788747997922
kplr008161561,kepler,1,1,0.02837614901854866,0.5177737077019624,0.2680896123874372,0.6712984545429663,7.010357047608393,0.012291571455887516,0.3357864198342046,7.010357047608393
kplr008161561,kepler,2,1,-0.2716350452427816,2.1576605506038904,4.655499051632283,2.485551564118661,14.111148688313701,-0.5294222365106809,1.2259918583787226,14.111148688313701
kplr008240797,kepler,0,1,-0.03084589461969256,0.9072244251263675,0.8230561575458679,0.8753284828911503,8.638660671461144,-0.018899486346679505,0.4355472535269394,8.638660671461144
kplr008240797,kepler,1,1,-0.035539665755368446,0.6068134739972095,0.36822259222456205,0.7567157974771765,3.499595796442664,0.039639831752152764,0.3687240696595349,3.499595796442664
kplr008240797,kepler,2,1,-0.0012463372710005138,0.6964674069176634,0.4850668488986142,1.0068271817226808,5.866769883526878,0.0646755149639545,0.4955592588734239,5.866769883526878
kplr008321314,kepler,0,1,-0.09799836653142069,1.0244649965192432,1.0495285290931728,1.6877375162938406,7.504748248778897,-0.03065294884898563,0.822814525313285,7.504748248778897
kplr008321314,kepler,1,1,-0.02983414444293165,0.5818364558956538,0.33853366140921504,0.8307137965260402,3.462398487126425,-0.03210062405129635,0.4157030814635287,3.462398487126425
kplr008321314,kepler,2,1,0.022633108502988927,0.8659862939543612,0.7499322613168092,1.2486985399931227,8.053725689254494,0.08106310618481471,0.624557385198329,8.053725689254494
kplr008360640,kepler,0,1,0.22181844312069846,1.0567595328136257,1.1167407101924725,1.494043671846491,4.719593177505568,0.06135996977662879,0.7330624009322779,4.719593177505568
kplr008360640,kepler,1,1,-0.23244880583332486,0.9721288832920549,0.9450345657306578,1.4578163370705015,3.83699934367611,-0.08972890776830433,0.7361312367569322,3.83699934367611
kplr008360640,kepler,2,1,0.07653892022944035,1.0005830758534031,1.0011664916842569,1.4111521558970517,4.092805440383935,0.10900522801345351,0.7052536285579789,4.092805440383935
kplr008361905,kepler,0,1,0.03796353357352114,0.6678259379516851,0.44599148340104794,0.8505968664213474,7.816838811478675,0.020975417204325605,0.42715563160892245,7.816838811478675
kplr008361905,kepler,1,1,0.0479062875905205,0.685469391349597,0.4698682864771869,0.8366678784343033,9.83004187523551,0.054841976232142986,0.4230042469538997,9.83004187523551
kplr008361905,kepler,2,1,-0.24718691078817304,1.0519503301486202,1.106599497099791,0.9878110539660054,8.115742304294157,-0.09329690777299962,0.4977291707447166,8.115742304294157
kplr008478994,kepler,0,1,-0.2624624854955617,1.3032407317555212,1.6984364049066665,0.7865912793827212,8.019551124646247,0.010897715675207288,0.36487887305780464,8.019551124646247
kplr008478994,kepler,1,1,-0.005584091070030439,1.294444609115858,1.6755868460691061,2.2103291818479107,6.524618056470713,0.09983085966856559,1.1079863208757914,6.524618056470713
kplr008478994,kepler,2,1,-0.08542306624683846,0.49890076927145,0.2489019775796446,0.5942757880232299,5.851800874758741,-0.02685508505717749,0.29910337487442396,5.851800874758741
kplr008559152,kepler,0,1,0.00418706426364639,0.6819319736229157,0.465031216649245,0.8504715303594822,7.64529144133625,0.0051506567087373405,0.42591025593916154,7.64529144133625
kplr008559152,kepler,1,1,0.024077595563112,0.6986369263410578,0.48809355484728056,0.8533534454230469,13.455722747526135,0.012508737721219257,0.42836294960998883,13.455722747526135
kplr008559152,kepler,2,1,-0.028615550156307956,0.7344275320999936,0.5393837999064871,0.9483953251678334,8.6393681861221,-0.04194106177114692,0.4720208969507149,8.6393681861221
kplr008564587,kepler,0,1,-0.01559005341509763,0.6000463312263903,0.36005559961825084,0.8249077866351813,3.715474183311201,0.023827140571613475,0.41256740529932956,3.715474183311201
kplr008564587,kepler,1,1,0.016775652117897083,0.7488273611294246,0.5607424167760576,1.0701585309851709,5.485612457129214,0.016367781777584245,0.5350306175004353,5.485612457129214
kplr008564587,kepler,2,1,-0.10133076880712587,0.44878607547099564,0.2014089415366582,0.6201895147501494,2.9324850943445275,-0.08500117954776033,0.30685546075577896,2.9324850943445275
kplr008934495,kepler,0,1,0.12429240753785767,1.03516087748439,1.071558042274252,1.247688132446538,7.994078625891751,-0.018536233454143933,0.6069618351389687,7.994078625891751
kplr008934495,kepler,1,1,0.0814747108192396,0.6913985769232768,0.47803199217153225,0.8213547629986249,7.519094772946726,0.07163541297990511,0.41201769376441283,7.519094772946726
kplr008934495,kepler,2,1,-0.009795924507337093,1.023815115843433,1.0481973914295022,1.374895437770142,8.818798428194274,-0.045969858966434185,0.6854670136806809,8.818798428194274
kplr009209624,kepler,0,1,-0.04954226943028947,0.951951382923322,0.9062114354496252,1.0591668051330139,10.66588985997052,0.014533136292479749,0.5322828940751092,10.66588985997052
kplr009209624,kepler,1,1,0.026215873988238388,0.7413402857279139,0.5495854192431451,0.9906849679174722,6.316469141480618,-0.0022889581606782583,0.4975020771658509,6.316469141480618
kplr009209624,kepler,2,1,-0.05191011372135074,1.004242019642154,1.0085020340149522,1.383333111754256,7.748985065507085,-0.09230989604337735,0.6968365372070835,7.748985065507085
kplr009390653,kepler,0,1,-0.0310744811147714,0.532283940758716,0.28332619358962824,0.674960919685641,7.009268681514925,-0.009482509348971404,0.3362464906494919,7.009268681514925
kplr009390653,kepler,1,1,0.23483643718770716,0.6523904840221273,0.4256133436426256,0.8620387409784546,5.315372872283877,0.23492430692036936,0.42881440914412405,5.315372872283877
kplr009390653,kepler,2,1,0.00033310081086265764,0.46739338905803407,0.2184565801351548,0.578832696633836,5.261401891832772,-0.011707699697543534,0.2887892492187642,5.261401891832772
kplr009489524,kepler,0,1,0.1633012444178077,0.8199837778696284,0.6723733959693481,1.0597923351284617,3.4922907820488795,0.003941909845900711,0.5268702581045993,3.4922907820488795
kplr009489524,kepler,1,1,0.20495801820602605,0.5564998830660388,0.3096921198525149,0.9861118968724607,2.134599031877766,0.29330295801454664,0.4545336527506168,2.134599031877766
kplr009489524,kepler,2,1,0.28232223813183505,0.9084353271799427,0.8252547436685296,1.2204652963813691,4.360718957682283,0.006321123364390797,0.4554723965194914,4.360718957682283
kplr009590976,kepler,0,1,0.025425008483288127,0.7410969317826728,0.5492246622976915,0.9134570465157006,8.200582512291401,0.014136033881232869,0.4574016677284635,8.200582512291401
kplr009590976,kepler,1,1,-0.24579682991802182,1.4190753568242949,2.0137748683459997,1.6547573946922576,10.083704168612154,-0.15179407810561962,0.8198899651115065,10.083704168612154
kplr009590976,kepler,2,1,-0.02012169499105483,0.8202251500694849,0.6727692968065091,1.038998490269989,12.20511896750414,-0.03146950399687959,0.5201723896061563,12.20511896750414
kplr009714550,kepler,0,1,0.014913906051903958,0.7644287548804884,0.5843513212881339,1.014736937030388,8.083666958500606,-0.007048616654423202,0.5027009406415082,8.083666958500606
kplr009714550,kepler,1,1,-0.012369077044327971,0.8503327299096206,0.7230657515555479,1.1472292194791633,8.424314606826051,-0.02530929588000251,0.5732051774703414,8.424314606826051
kplr009714550,kepler,2,1,0.0686206677997854,1.1428209043271513,1.3060396193671278,1.1582020043054024,11.771303603163773,0.0003211641984598895,0.5787208365730617,11.771303603163773
kplr009790806,kepler,0,1,-0.521773213126914,1.3538328852099504,1.8328634810758986,2.4465949984180577,4.659112967557384,-0.0766243663660811,0.9355841623927046,4.659112967557384
kplr009790806,kepler,1,1,-0.08339566388733058,0.5170317931731888,0.2673218751518831,0.6468660263497403,2.785528131836842,-0.026746382395467463,0.3235328689986352,2.785528131836842
kplr009790806,kepler,2,1,-0.13887720909368897,1.1668080591007657,1.3614410467824958,1.7263384294218378,4.884433872525235,0.23663047209626156,0.6365288220697465,4.884433872525235
kplr009872831,kepler,0,1,-0.015973565331938916,0.6739038506362687,0.4541463999023903,0.8708933529409348,8.297755624048436,-0.033653873672485,0.4363520628358277,8.297755624048436
kplr009872831,kepler,1,1,0.03197559650708223,0.6368696299485326,0.4056029255507808,0.838917756433861,8.987792529893273,0.01907936145160187,0.4194809608115327,8.987792529893273
kplr009872831,kepler,2,1,-0.12099614311516975,1.9731510430132289,3.893325038544193,1.1494873622903747,15.93966694314609,-0.11633110663101688,0.5495032758911937,15.93966694314609
kplr009892816,kepler,0,1,0.005718552536699405,0.7333812622477255,0.5378480758160671,0.9335221745520795,8.174626609594688,0.0044743440665540365,0.468066104295625,8.174626609594688
kplr009892816,kepler,1,1,-0.0021139770668023826,0.6362020944310769,0.4047531049584888,0.8330358640580814,8.143306201128347,0.015908778903766248,0.4181025955524383,8.143306201128347
kplr009892816,kepler,2,1,0.05470402676144039,0.6025022434961974,0.36300895341795114,0.7316795422168827,10.130412116018602,0.04002052192908522,0.36913338549070795,10.130412116018602
kplr010064256,kepler,0,1,0.07380033045928608,1.97908712704952,3.9167858564531235,2.7446802470818428,8.835540766480573,0.8809376635019017,1.0614151709103807,8.835540766480573
kplr010064256,kepler,1,1,-0.4308871063630183,1.8338326248107566,3.3629420958203093,3.5816476340997374,7.010022957543435,-0.33494802528621276,1.7969376202910765,7.010022957543435
kplr010064256,kepler,2,1,-0.15857144023632747,0.802286357911027,0.6436634000901404,0.8713900700840151,5.151317405555114,0.010464814867804002,0.4270968911652045,5.151317405555114
kplr010545066,kepler,0,1,0.11337028890230195,1.2899060332058825,1.663857574500935,1.9875697903667242,7.709369231475271,0.1285020607781806,0.998342820528742,7.709369231475271
kplr010545066,kepler,1,1,-0.031849669847377284,0.5513832689655883,0.30402350929517835,0.7539437201005376,3.266617944250192,-0.022883928631772504,0.37733335068104,3.266617944250192
kplr010545066,kepler,2,1,0.07508850476769123,0.9217889537082076,0.8496948751784721,1.2345690893034447,5.6559767123245335,0.07506431534731214,0.6187462241589625,5.6559767123245335
kplr011121752,kepler,0,1,0.08491429383318819,0.600485380488545,0.3605826921804727,0.8215253489204437,5.152883316113094,0.0824272925338018,0.41095892991852606,5.152883316113094
kplr011121752,kepler,1,1,-0.0014186356476315158,0.5359235705775142,0.28721407350055184,0.6596145957290473,6.755740896070979,0.0021980611342347143,0.3358323404377181,6.755740896070979
kplr011121752,kepler,2,1,0.028507715242666036,0.5648213483751674,0.3190231555803423,0.6869726066317137,11.68567801142481,0.02417867247599697,0.34509559807485013,11.68567801142481
kplr011453592,kepler,0,1,0.31163708556602215,1.3226005217747872,1.7492721401989395,2.0828604736781755,7.293332391643588,0.8867990844688082,0.7690883580019882,7.293332391643588
kplr011453592,kepler,1,1,-0.2561452041679734,0.4298172641473486,0.18474288055911164,0.6668354253943014,2.851762742251526,-0.2346463982536257,0.32217213601720274,2.851762742251526
kplr011453592,kepler,2,1,0.0523637734827815,0.5541201440340445,0.3070491340243102,0.6609884822218031,5.243924684209885,0.046467552959545924,0.3303162133521821,5.243924684209885
kplr011568987,kepler,0,1,-0.23833340374074868,0.9346130416046193,0.873501537537438,1.1749835009038603,6.911678280805069,-0.07873274804243446,0.5774638272935309,6.911678280805069
kplr011568987,kepler,1,1,-0.015409338812961557,0.6883578811653477,0.473836572562447,0.8967538040786937,4.292041453516784,0.11663107024914023,0.42645775918926476,4.292041453516784
kplr011568987,kepler,2,1,-0.11349618574970505,0.719399977333372,0.5175363273872562,0.9587507614441615,5.055533611879252,-0.04422223771311831,0.4724416590786358,5.055533611879252
kplr011673802,kepler,0,1,0.0045477734517689675,0.6493490900996003,0.42165424081317887,0.8432364636417227,8.597734186075645,-0.008583401609925507,0.4184475507139441,8.597734186075645
kplr011673802,kepler,1,1,-0.03981441748930215,0.6309588072449801,0.3981090164400079,0.8375539442556881,5.252789151672223,-0.013607078168543764,0.41515333657724585,5.252789151672223
kplr011673802,kepler,2,1,-0.0005038892635041911,0.6374443853999006,0.406335344477857,0.8196004772105291,5.205681889517439,-0.005289187473227239,0.40815313153691546,5.205681889517439
kplr011807274,kepler,0,1,0.0975640796595607,0.6314703607243368,0.398754816473324,0.7265526534328577,6.643676134289777,0.012437008001708019,0.3631317103431837,6.643676134289777
kplr011807274,kepler,1,1,-0.03272425590263126,0.6148995797780692,0.3781014932112461,0.7946669646911823,5.178133819425317,-0.025452481488585033,0.3972611741594062,5.178133819425317
kplr011807274,kepler,2,1,0.08745110195120546,0.7958130291334282,0.6333183773385227,1.2152836829450653,4.631483932885974,-0.01084622790671853,0.5975548495183982,4.631483932885974
kplr012068975,kepler,0,1,-0.007715607241884373,0.2003098584118911,0.04012403937699186,0.2567058742757038,1.6114060903434737,-0.0031086116069170477,0.12827113156978212,1.6114060903434737
kplr012068975,kepler,1,1,0.11722410438994454,2.1148572338520446,4.472621119576322,2.647432713917107,35.34884063793886,0.13203418772537145,1.3261500726245332,35.34884063793886
kplr012068975,kepler,2,1,0.09338529063769394,2.2386797261916818,5.011686916461663,3.2970507341941664,17.627463922591723,0.17882697296602856,1.6335753994347562,17.627463922591723
kplr012306058,kepler,0,1,0.013245185860795072,0.6965759830828209,0.4852181002077984,0.8878942003183202,8.559855990046197,-0.004694258032987293,0.44508978139087413,8.559855990046197
kplr012306058,kepler,1,1,-0.028637483267442126,0.6692596375477318,0.44790846245052124,0.9145155846896034,6.7666494214450505,-0.0352069352474047,0.45719602579173607,6.7666494214450505
kplr012306058,kepler,2,1,0.020028046107146383,0.686890602412614,0.4718186996827638,0.88980896346439,8.71600183619609,-0.0009882648490499564,0.44867224146868023,8.71600183619609
kplr012404954,kepler,0,1,-0.0598248694381083,1.8522219164454785,3.4307260277609615,1.87603925454046,9.83452325484827,0.03803868107089464,0.8733654666085723,9.83452325484827
kplr012404954,kepler,1,1,-0.019205658729459507,0.39995636790925115,0.1599650962311603,0.5520578966221041,3.9541672859549504,-0.01083505985201367,0.27352727547052647,3.9541672859549504
kplr012404954,kepler,2,1,-0.057803880100679994,0.9161912264380548,0.8394063634020671,1.2483613590661986,7.070409023736154,-0.04976837889246917,0.6213412655065736,7.070409023736154
kplr012459913,kepler,0,1,0.030731454582880083,0.7209769266239242,0.5198077287240793,0.9387798575711221,4.834676265700388,0.030865126581497086,0.4688092721401263,4.834676265700388
kplr012459913,kepler,1,1,-0.012650552622791486,0.696182289375095,0.4846697800395484,0.8967145094710174,7.291911961840711,-0.02183268987276886,0.4476991772036635,7.291911961840711
kplr012459913,kepler,2,1,-0.045370907429379256,0.6384470006482628,0.4076145726367629,0.823267895548778,7.500432214999989,-0.04469765822652424,0.4110532911288341,7.500432214999989
