tic_id,period,duration,depth,t0,bls_power,label,score,pred
100229772,14.165058831518634,0.02,49076.66858342973,1324.647627186967,49075.44660047114,1,0.6699219,1
100229772,14.165058831518634,0.02,49076.66858342973,1324.647627186967,49075.44660047114,0,0.79003906,1
100229772,14.165058831518634,0.02,49076.66858342973,1324.647627186967,49075.44660047114,0,0.7866211,1
100229772,14.165058831518634,0.02,49076.66858342973,1324.647627186967,49075.44660047114,0,0.5605469,1
100229772,14.165058831518634,0.02,49076.66858342973,1324.647627186967,49075.44660047114,0,0.79052734,1
100229772,14.165058831518634,0.02,49076.66858342973,1324.647627186967,49075.44660047114,0,0.79003906,1
100265076,14.163626035903803,0.02,11003.241205179844,1324.6497313567938,11002.967230323156,1,0.74609375,1
100265076,14.163626035903803,0.02,11003.241205179844,1324.6497313567938,11002.967230323156,0,0.62646484,1
100265076,14.163626035903803,0.02,11003.241205179844,1324.6497313567938,11002.967230323156,0,0.5942383,1
100265076,14.163626035903803,0.02,11003.241205179844,1324.6497313567938,11002.967230323156,0,0.60498047,1
100265076,14.163626035903803,0.02,11003.241205179844,1324.6497313567938,11002.967230323156,0,0.64501953,1
100265076,14.163626035903803,0.02,11003.241205179844,1324.6497313567938,11002.967230323156,0,0.6044922,1
114048386,14.16491882185674,0.02,62645.18353670831,1324.6484608511955,62643.623704940415,1,0.61035156,1
114048386,14.16491882185674,0.02,62645.18353670831,1324.6484608511955,62643.623704940415,0,0.59033203,1
114048386,14.16491882185674,0.02,62645.18353670831,1324.6484608511955,62643.623704940415,0,0.71875,1
114048386,14.16491882185674,0.02,62645.18353670831,1324.6484608511955,62643.623704940415,0,0.73535156,1
114048386,14.16491882185674,0.02,62645.18353670831,1324.6484608511955,62643.623704940415,0,0.61035156,1
114048386,14.16491882185674,0.02,62645.18353670831,1324.6484608511955,62643.623704940415,0,0.5761719,1
114391324,14.164737674329803,0.02,32074.412213923835,1324.6483482002795,32073.61357811046,1,0.65234375,1
114391324,14.164737674329803,0.02,32074.412213923835,1324.6483482002795,32073.61357811046,0,0.5957031,1
114391324,14.164737674329803,0.02,32074.412213923835,1324.6483482002795,32073.61357811046,0,0.44384766,0
114391324,14.164737674329803,0.02,32074.412213923835,1324.6483482002795,32073.61357811046,0,0.6035156,1
114391324,14.164737674329803,0.02,32074.412213923835,1324.6483482002795,32073.61357811046,0,0.7729492,1
114391324,14.164737674329803,0.02,32074.412213923835,1324.6483482002795,32073.61357811046,0,0.62939453,1
128917881,14.169604052306209,0.02,29228.660958236746,1324.6439642815922,29227.93318011684,1,0.77001953,1
128917881,14.169604052306209,0.02,29228.660958236746,1324.6439642815922,29227.93318011684,0,0.79248047,1
128917881,14.169604052306209,0.02,29228.660958236746,1324.6439642815922,29227.93318011684,0,0.7817383,1
128917881,14.169604052306209,0.02,29228.660958236746,1324.6439642815922,29227.93318011684,0,0.6230469,1
128917881,14.169604052306209,0.02,29228.660958236746,1324.6439642815922,29227.93318011684,0,0.58691406,1
128917881,14.169604052306209,0.02,29228.660958236746,1324.6439642815922,29227.93318011684,0,0.5991211,1
141024724,14.167616000721672,0.02,10047.984808980718,1324.6413698046556,10047.73461950048,1,0.7714844,1
141024724,14.167616000721672,0.02,10047.984808980718,1324.6413698046556,10047.73461950048,0,0.6459961,1
141024724,14.167616000721672,0.02,10047.984808980718,1324.6413698046556,10047.73461950048,0,0.73046875,1
141024724,14.167616000721672,0.02,10047.984808980718,1324.6413698046556,10047.73461950048,0,0.5805664,1
141024724,14.167616000721672,0.02,10047.984808980718,1324.6413698046556,10047.73461950048,0,0.5649414,1
141024724,14.167616000721672,0.02,10047.984808980718,1324.6413698046556,10047.73461950048,0,0.6269531,1
1479793,14.168830601194005,0.02,5934.945540579148,1324.6444795587197,5934.797763590203,1,0.7993164,1
1479793,14.168830601194005,0.02,5934.945540579148,1324.6444795587197,5934.797763590203,0,0.7807617,1
1479793,14.168830601194005,0.02,5934.945540579148,1324.6444795587197,5934.797763590203,0,0.6557617,1
1479793,14.168830601194005,0.02,5934.945540579148,1324.6444795587197,5934.797763590203,0,0.60302734,1
1479793,14.168830601194005,0.02,5934.945540579148,1324.6444795587197,5934.797763590203,0,0.77978516,1
1479793,14.168830601194005,0.02,5934.945540579148,1324.6444795587197,5934.797763590203,0,0.6088867,1
149125418,14.167630472733656,0.02,3587.996928213606,1324.640639197045,3587.907588997472,1,0.6635742,1
149125418,14.167630472733656,0.02,3587.996928213606,1324.640639197045,3587.907588997472,0,0.6176758,1
149125418,14.167630472733656,0.02,3587.996928213606,1324.640639197045,3587.907588997472,0,0.67578125,1
149125418,14.167630472733656,0.02,3587.996928213606,1324.640639197045,3587.907588997472,0,0.61572266,1
149125418,14.167630472733656,0.02,3587.996928213606,1324.640639197045,3587.907588997472,0,0.58984375,1
149125418,14.167630472733656,0.02,3587.996928213606,1324.640639197045,3587.907588997472,0,0.5727539,1
149126810,3.4569832659548374,0.1,2658.2233600272407,1312.3904626480364,62875.72722246062,1,0.60839844,1
149126810,3.4569832659548374,0.1,2658.2233600272407,1312.3904626480364,62875.72722246062,0,0.60839844,1
149126810,3.4569832659548374,0.1,2658.2233600272407,1312.3904626480364,62875.72722246062,0,0.72753906,1
149126810,3.4569832659548374,0.1,2658.2233600272407,1312.3904626480364,62875.72722246062,0,0.12902832,0
149126810,3.4569832659548374,0.1,2658.2233600272407,1312.3904626480364,62875.72722246062,0,0.72998047,1
149126810,3.4569832659548374,0.1,2658.2233600272407,1312.3904626480364,62875.72722246062,0,0.58935547,1
149176684,14.1639592008929,0.02,6396.481015883538,1324.644351249225,6396.32174690661,1,0.65722656,1
149176684,14.1639592008929,0.02,6396.481015883538,1324.644351249225,6396.32174690661,0,0.67333984,1
149176684,14.1639592008929,0.02,6396.481015883538,1324.644351249225,6396.32174690661,0,0.60839844,1
149176684,14.1639592008929,0.02,6396.481015883538,1324.644351249225,6396.32174690661,0,0.63183594,1
149176684,14.1639592008929,0.02,6396.481015883538,1324.644351249225,6396.32174690661,0,0.6142578,1
149176684,14.1639592008929,0.02,6396.481015883538,1324.644351249225,6396.32174690661,0,0.75439453,1
150438041,14.171700313815675,0.02,1584.5849299562014,1324.6364980307817,1584.5454746338105,1,0.7866211,1
150438041,14.171700313815675,0.02,1584.5849299562014,1324.6364980307817,1584.5454746338105,0,0.6459961,1
150438041,14.171700313815675,0.02,1584.5849299562014,1324.6364980307817,1584.5454746338105,0,0.5839844,1
150438041,14.171700313815675,0.02,1584.5849299562014,1324.6364980307817,1584.5454746338105,0,0.72265625,1
150438041,14.171700313815675,0.02,1584.5849299562014,1324.6364980307817,1584.5454746338105,0,0.58447266,1
150438041,14.171700313815675,0.02,1584.5849299562014,1324.6364980307817,1584.5454746338105,0,0.64208984,1
166315714,14.162889600948308,0.02,5106.743955602421,1324.6499014210438,5106.616800392671,1,0.7001953,1
166315714,14.162889600948308,0.02,5106.743955602421,1324.6499014210438,5106.616800392671,0,0.63964844,1
166315714,14.162889600948308,0.02,5106.743955602421,1324.6499014210438,5106.616800392671,0,0.7910156,1
166315714,14.162889600948308,0.02,5106.743955602421,1324.6499014210438,5106.616800392671,0,0.5996094,1
166315714,14.162889600948308,0.02,5106.743955602421,1324.6499014210438,5106.616800392671,0,0.60058594,1
166315714,14.162889600948308,0.02,5106.743955602421,1324.6499014210438,5106.616800392671,0,0.61572266,1
166550568,7.80545412128486,0.1,11401.83441203335,1314.6317349983565,192102.9869504192,1,0.032592773,0
166550568,7.80545412128486,0.1,11401.83441203335,1314.6317349983565,192102.9869504192,0,0.7871094,1
166550568,7.80545412128486,0.1,11401.83441203335,1314.6317349983565,192102.9869504192,0,0.59716797,1
166550568,7.80545412128486,0.1,11401.83441203335,1314.6317349983565,192102.9869504192,0,0.76416016,1
166550568,7.80545412128486,0.1,11401.83441203335,1314.6317349983565,192102.9869504192,0,0.61035156,1
166550568,7.80545412128486,0.1,11401.83441203335,1314.6317349983565,192102.9869504192,0,0.6015625,1
167527244,14.165199857266904,0.02,8314.596338530508,1324.6419988447192,8314.389309501716,1,0.61083984,1
167527244,14.165199857266904,0.02,8314.596338530508,1324.6419988447192,8314.389309501716,0,0.6035156,1
167527244,14.165199857266904,0.02,8314.596338530508,1324.6419988447192,8314.389309501716,0,0.7753906,1
167527244,14.165199857266904,0.02,8314.596338530508,1324.6419988447192,8314.389309501716,0,0.80029297,1
167527244,14.165199857266904,0.02,8314.596338530508,1324.6419988447192,8314.389309501716,0,0.6533203,1
167527244,14.165199857266904,0.02,8314.596338530508,1324.6419988447192,8314.389309501716,0,0.8051758,1
167691903,14.164159207129066,0.02,11903.659581106682,1324.644225634339,11903.363186311097,1,0.6982422,1
167691903,14.164159207129066,0.02,11903.659581106682,1324.644225634339,11903.363186311097,0,0.6245117,1
167691903,14.164159207129066,0.02,11903.659581106682,1324.644225634339,11903.363186311097,0,0.6298828,1
167691903,14.164159207129066,0.02,11903.659581106682,1324.644225634339,11903.363186311097,0,0.5917969,1
167691903,14.164159207129066,0.02,11903.659581106682,1324.644225634339,11903.363186311097,0,0.6069336,1
167691903,14.164159207129066,0.02,11903.659581106682,1324.644225634339,11903.363186311097,0,0.6743164,1
167754523,14.163804478294391,0.02,26713.74524070824,1324.6439907624108,26713.08008265277,1,0.7817383,1
167754523,14.163804478294391,0.02,26713.74524070824,1324.6439907624108,26713.08008265277,0,0.6118164,1
167754523,14.163804478294391,0.02,26713.74524070824,1324.6439907624108,26713.08008265277,0,0.62402344,1
167754523,14.163804478294391,0.02,26713.74524070824,1324.6439907624108,26713.08008265277,0,0.8071289,1
167754523,14.163804478294391,0.02,26713.74524070824,1324.6439907624108,26713.08008265277,0,0.6225586,1
167754523,14.163804478294391,0.02,26713.74524070824,1324.6439907624108,26713.08008265277,0,0.36401367,0
177282821,14.166254725266612,0.02,890.9084732347272,1324.643179238671,890.8862900873504,1,0.58935547,1
177282821,14.166254725266612,0.02,890.9084732347272,1324.643179238671,890.8862900873504,0,0.6010742,1
177282821,14.166254725266612,0.02,890.9084732347272,1324.643179238671,890.8862900873504,0,0.78515625,1
177282821,14.166254725266612,0.02,890.9084732347272,1324.643179238671,890.8862900873504,0,0.80029297,1
177282821,14.166254725266612,0.02,890.9084732347272,1324.643179238671,890.8862900873504,0,0.59033203,1
177282821,14.166254725266612,0.02,890.9084732347272,1324.643179238671,890.8862900873504,0,0.7919922,1
181576949,14.164318646397666,0.02,48042.0960420609,1324.6480398304318,48040.89981940862,1,0.7944336,1
181576949,14.164318646397666,0.02,48042.0960420609,1324.6480398304318,48040.89981940862,0,0.58935547,1
181576949,14.164318646397666,0.02,48042.0960420609,1324.6480398304318,48040.89981940862,0,0.79003906,1
181576949,14.164318646397666,0.02,48042.0960420609,1324.6480398304318,48040.89981940862,0,0.7973633,1
181576949,14.164318646397666,0.02,48042.0960420609,1324.6480398304318,48040.89981940862,0,0.60498047,1
181576949,14.164318646397666,0.02,48042.0960420609,1324.6480398304318,48040.89981940862,0,0.59814453,1
183306127,14.227527127191262,0.02,67962.83803648117,1324.5828713673652,67961.1457979431,1,0.69873047,1
183306127,14.227527127191262,0.02,67962.83803648117,1324.5828713673652,67961.1457979431,0,0.5410156,1
183306127,14.227527127191262,0.02,67962.83803648117,1324.5828713673652,67961.1457979431,0,0.68652344,1
183306127,14.227527127191262,0.02,67962.83803648117,1324.5828713673652,67961.1457979431,0,0.62109375,1
183306127,14.227527127191262,0.02,67962.83803648117,1324.5828713673652,67961.1457979431,0,0.5986328,1
183306127,14.227527127191262,0.02,67962.83803648117,1324.5828713673652,67961.1457979431,0,0.7260742,1
1851563,14.167459234464667,0.02,37609.05427291637,1324.6464941525444,37608.11782745794,1,0.7368164,1
1851563,14.167459234464667,0.02,37609.05427291637,1324.6464941525444,37608.11782745794,0,0.5727539,1
1851563,14.167459234464667,0.02,37609.05427291637,1324.6464941525444,37608.11782745794,0,0.78466797,1
1851563,14.167459234464667,0.02,37609.05427291637,1324.6464941525444,37608.11782745794,0,0.7841797,1
1851563,14.167459234464667,0.02,37609.05427291637,1324.6464941525444,37608.11782745794,0,0.70214844,1
1851563,14.167459234464667,0.02,37609.05427291637,1324.6464941525444,37608.11782745794,0,0.7368164,1
2018191215100,8.168385442767573,0.1,0.0020592921802491,1311.3758349612954,0.0346958110298632,1,0.7988281,1
2018191215100,8.168385442767573,0.1,0.0020592921802491,1311.3758349612954,0.0346958110298632,0,0.57373047,1
2018191215100,8.168385442767573,0.1,0.0020592921802491,1311.3758349612954,0.0346958110298632,0,0.60302734,1
2018191215100,8.168385442767573,0.1,0.0020592921802491,1311.3758349612954,0.0346958110298632,0,0.59277344,1
2018191215100,8.168385442767573,0.1,0.0020592921802491,1311.3758349612954,0.0346958110298632,0,0.70410156,1
2018191215100,8.168385442767573,0.1,0.0020592921802491,1311.3758349612954,0.0346958110298632,0,0.6635742,1
211254719,14.171649596591376,0.02,65519.76502011424,1324.6424009825207,65518.13361279553,1,0.7792969,1
211254719,14.171649596591376,0.02,65519.76502011424,1324.6424009825207,65518.13361279553,0,0.57666016,1
211254719,14.171649596591376,0.02,65519.76502011424,1324.6424009825207,65518.13361279553,0,0.7861328,1
211254719,14.171649596591376,0.02,65519.76502011424,1324.6424009825207,65518.13361279553,0,0.7583008,1
211254719,14.171649596591376,0.02,65519.76502011424,1324.6424009825207,65518.13361279553,0,0.67285156,1
211254719,14.171649596591376,0.02,65519.76502011424,1324.6424009825207,65518.13361279553,0,0.5942383,1
220370211,6.915000908608888,0.1,10.874615005417963,1311.1914428917337,183.84596004261624,1,0.65185547,1
220370211,6.915000908608888,0.1,10.874615005417963,1311.1914428917337,183.84596004261624,0,0.5996094,1
220370211,6.915000908608888,0.1,10.874615005417963,1311.1914428917337,183.84596004261624,0,0.63623047,1
220370211,6.915000908608888,0.1,10.874615005417963,1311.1914428917337,183.84596004261624,0,0.6191406,1
220370211,6.915000908608888,0.1,10.874615005417963,1311.1914428917337,183.84596004261624,0,0.60009766,1
220370211,6.915000908608888,0.1,10.874615005417963,1311.1914428917337,183.84596004261624,0,0.6142578,1
220408525,14.170671148121516,0.02,2682.944128555129,1324.638397590469,2682.8773246725805,1,0.69873047,1
220408525,14.170671148121516,0.02,2682.944128555129,1324.638397590469,2682.8773246725805,0,0.62939453,1
220408525,14.170671148121516,0.02,2682.944128555129,1324.638397590469,2682.8773246725805,0,0.60791016,1
220408525,14.170671148121516,0.02,2682.944128555129,1324.638397590469,2682.8773246725805,0,0.5986328,1
220408525,14.170671148121516,0.02,2682.944128555129,1324.638397590469,2682.8773246725805,0,0.62353516,1
220408525,14.170671148121516,0.02,2682.944128555129,1324.638397590469,2682.8773246725805,0,0.6123047,1
220431435,14.166226519755783,0.02,31815.901035004743,1324.6422357219776,31815.108835982297,1,0.7602539,1
220431435,14.166226519755783,0.02,31815.901035004743,1324.6422357219776,31815.108835982297,0,0.6274414,1
220431435,14.166226519755783,0.02,31815.901035004743,1324.6422357219776,31815.108835982297,0,0.6347656,1
220431435,14.166226519755783,0.02,31815.901035004743,1324.6422357219776,31815.108835982297,0,0.6171875,1
220431435,14.166226519755783,0.02,31815.901035004743,1324.6422357219776,31815.108835982297,0,0.63671875,1
220431435,14.166226519755783,0.02,31815.901035004743,1324.6422357219776,31815.108835982297,0,0.6035156,1
220476607,0.9145967588576802,0.1,9681.447018699037,1310.7860467759815,424545.5213940615,1,0.59277344,1
220476607,0.9145967588576802,0.1,9681.447018699037,1310.7860467759815,424545.5213940615,0,0.5908203,1
220476607,0.9145967588576802,0.1,9681.447018699037,1310.7860467759815,424545.5213940615,0,0.60498047,1
220476607,0.9145967588576802,0.1,9681.447018699037,1310.7860467759815,424545.5213940615,0,0.60058594,1
220476607,0.9145967588576802,0.1,9681.447018699037,1310.7860467759815,424545.5213940615,0,0.5913086,1
220476607,0.9145967588576802,0.1,9681.447018699037,1310.7860467759815,424545.5213940615,0,0.6040039,1
230953115,16.29987281712554,0.1,11484.804201484614,1322.4535660428933,137322.61909360546,1,0.58935547,1
230953115,16.29987281712554,0.1,11484.804201484614,1322.4535660428933,137322.61909360546,0,0.74658203,1
230953115,16.29987281712554,0.1,11484.804201484614,1322.4535660428933,137322.61909360546,0,0.796875,1
230953115,16.29987281712554,0.1,11484.804201484614,1322.4535660428933,137322.61909360546,0,0.67529297,1
230953115,16.29987281712554,0.1,11484.804201484614,1322.4535660428933,137322.61909360546,0,0.60791016,1
230953115,16.29987281712554,0.1,11484.804201484614,1322.4535660428933,137322.61909360546,0,0.6123047,1
230954760,0.8113143640907616,0.1,1458.3874240643304,1310.8496641186111,67888.51254539285,1,0.625,1
230954760,0.8113143640907616,0.1,1458.3874240643304,1310.8496641186111,67888.51254539285,0,0.7792969,1
230954760,0.8113143640907616,0.1,1458.3874240643304,1310.8496641186111,67888.51254539285,0,0.77734375,1
230954760,0.8113143640907616,0.1,1458.3874240643304,1310.8496641186111,67888.51254539285,0,0.7788086,1
230954760,0.8113143640907616,0.1,1458.3874240643304,1310.8496641186111,67888.51254539285,0,0.68359375,1
230954760,0.8113143640907616,0.1,1458.3874240643304,1310.8496641186111,67888.51254539285,0,0.7363281,1
231725008,14.172319236561282,0.02,117518.00276464662,1324.6356580077709,117515.07662885032,1,0.7675781,1
231725008,14.172319236561282,0.02,117518.00276464662,1324.6356580077709,117515.07662885032,0,0.6098633,1
231725008,14.172319236561282,0.02,117518.00276464662,1324.6356580077709,117515.07662885032,0,0.6040039,1
231725008,14.172319236561282,0.02,117518.00276464662,1324.6356580077709,117515.07662885032,0,0.6489258,1
231725008,14.172319236561282,0.02,117518.00276464662,1324.6356580077709,117515.07662885032,0,0.6020508,1
231725008,14.172319236561282,0.02,117518.00276464662,1324.6356580077709,117515.07662885032,0,0.66845703,1
238192896,14.165401598765682,0.02,11704.719752224468,1324.6438776232487,11704.428310924864,1,0.7416992,1
238192896,14.165401598765682,0.02,11704.719752224468,1324.6438776232487,11704.428310924864,0,0.58496094,1
238192896,14.165401598765682,0.02,11704.719752224468,1324.6438776232487,11704.428310924864,0,0.6767578,1
238192896,14.165401598765682,0.02,11704.719752224468,1324.6438776232487,11704.428310924864,0,0.5883789,1
238192896,14.165401598765682,0.02,11704.719752224468,1324.6438776232487,11704.428310924864,0,0.6269531,1
238192896,14.165401598765682,0.02,11704.719752224468,1324.6438776232487,11704.428310924864,0,0.5942383,1
238817606,14.170147297075973,0.02,253.9490042776943,1324.6425593187182,253.94268108248704,1,0.63378906,1
238817606,14.170147297075973,0.02,253.9490042776943,1324.6425593187182,253.94268108248704,0,0.6220703,1
238817606,14.170147297075973,0.02,253.9490042776943,1324.6425593187182,253.94268108248704,0,0.5913086,1
238817606,14.170147297075973,0.02,253.9490042776943,1324.6425593187182,253.94268108248704,0,0.60498047,1
238817606,14.170147297075973,0.02,253.9490042776943,1324.6425593187182,253.94268108248704,0,0.59472656,1
238817606,14.170147297075973,0.02,253.9490042776943,1324.6425593187182,253.94268108248704,0,0.6225586,1
25116423,6.2716118626395,0.1,188.30340436397128,1311.4632680410168,3540.635509302144,1,0.61621094,1
25116423,6.2716118626395,0.1,188.30340436397128,1311.4632680410168,3540.635509302144,0,0.65478516,1
25116423,6.2716118626395,0.1,188.30340436397128,1311.4632680410168,3540.635509302144,0,0.6538086,1
25116423,6.2716118626395,0.1,188.30340436397128,1311.4632680410168,3540.635509302144,0,0.5961914,1
25116423,6.2716118626395,0.1,188.30340436397128,1311.4632680410168,3540.635509302144,0,0.67626953,1
25116423,6.2716118626395,0.1,188.30340436397128,1311.4632680410168,3540.635509302144,0,0.6074219,1
257719469,14.164596911327113,0.02,35560.34052888505,1324.6440794848452,35559.45509530975,1,0.76171875,1
257719469,14.164596911327113,0.02,35560.34052888505,1324.6440794848452,35559.45509530975,0,0.5986328,1
257719469,14.164596911327113,0.02,35560.34052888505,1324.6440794848452,35559.45509530975,0,0.60595703,1
257719469,14.164596911327113,0.02,35560.34052888505,1324.6440794848452,35559.45509530975,0,0.6381836,1
257719469,14.164596911327113,0.02,35560.34052888505,1324.6440794848452,35559.45509530975,0,0.6479492,1
257719469,14.164596911327113,0.02,35560.34052888505,1324.6440794848452,35559.45509530975,0,0.7558594,1
260244471,14.714474296054558,0.1,27.555031373557654,1318.1278442912032,329.4726676258239,1,0.79248047,1
260244471,14.714474296054558,0.1,27.555031373557654,1318.1278442912032,329.4726676258239,0,0.60595703,1
260244471,14.714474296054558,0.1,27.555031373557654,1318.1278442912032,329.4726676258239,0,0.5678711,1
260244471,14.714474296054558,0.1,27.555031373557654,1318.1278442912032,329.4726676258239,0,0.5678711,1
260244471,14.714474296054558,0.1,27.555031373557654,1318.1278442912032,329.4726676258239,0,0.6044922,1
260244471,14.714474296054558,0.1,27.555031373557654,1318.1278442912032,329.4726676258239,0,0.68408203,1
260267665,14.164683931303816,0.02,11166.018226436148,1324.6436950845375,11165.74019851816,1,0.7348633,1
260267665,14.164683931303816,0.02,11166.018226436148,1324.6436950845375,11165.74019851816,0,0.65722656,1
260267665,14.164683931303816,0.02,11166.018226436148,1324.6436950845375,11165.74019851816,0,0.65283203,1
260267665,14.164683931303816,0.02,11166.018226436148,1324.6436950845375,11165.74019851816,0,0.60302734,1
260267665,14.164683931303816,0.02,11166.018226436148,1324.6436950845375,11165.74019851816,0,0.7475586,1
260267665,14.164683931303816,0.02,11166.018226436148,1324.6436950845375,11165.74019851816,0,0.7871094,1
260268711,0.9809586521668908,0.1,3677.246430349927,1311.3034973433344,157117.16414489492,1,0.74902344,1
260268711,0.9809586521668908,0.1,3677.246430349927,1311.3034973433344,157117.16414489492,0,0.69140625,1
260268711,0.9809586521668908,0.1,3677.246430349927,1311.3034973433344,157117.16414489492,0,0.8046875,1
260268711,0.9809586521668908,0.1,3677.246430349927,1311.3034973433344,157117.16414489492,0,0.7890625,1
260268711,0.9809586521668908,0.1,3677.246430349927,1311.3034973433344,157117.16414489492,0,0.7871094,1
260268711,0.9809586521668908,0.1,3677.246430349927,1311.3034973433344,157117.16414489492,0,0.63720703,1
261337380,14.167167240698644,0.02,72367.56767217146,1324.6423044964124,72365.765758207,1,0.76464844,1
261337380,14.167167240698644,0.02,72367.56767217146,1324.6423044964124,72365.765758207,0,0.61816406,1
261337380,14.167167240698644,0.02,72367.56767217146,1324.6423044964124,72365.765758207,0,0.671875,1
261337380,14.167167240698644,0.02,72367.56767217146,1324.6423044964124,72365.765758207,0,0.58691406,1
261337380,14.167167240698644,0.02,72367.56767217146,1324.6423044964124,72365.765758207,0,0.59716797,1
261337380,14.167167240698644,0.02,72367.56767217146,1324.6423044964124,72365.765758207,0,0.7871094,1
265336423,14.16530940299795,0.02,25353.86447623027,1324.6465573370967,25353.23317848292,1,0.57373047,1
265336423,14.16530940299795,0.02,25353.86447623027,1324.6465573370967,25353.23317848292,0,0.59472656,1
265336423,14.16530940299795,0.02,25353.86447623027,1324.6465573370967,25353.23317848292,0,0.62841797,1
265336423,14.16530940299795,0.02,25353.86447623027,1324.6465573370967,25353.23317848292,0,0.61083984,1
265336423,14.16530940299795,0.02,25353.86447623027,1324.6465573370967,25353.23317848292,0,0.7294922,1
265336423,14.16530940299795,0.02,25353.86447623027,1324.6465573370967,25353.23317848292,0,0.6064453,1
266903576,14.163378576738916,0.02,6945.245522537906,1324.6472515731436,6945.072589616486,1,0.58691406,1
266903576,14.163378576738916,0.02,6945.245522537906,1324.6472515731436,6945.072589616486,0,0.59375,1
266903576,14.163378576738916,0.02,6945.245522537906,1324.6472515731436,6945.072589616486,0,0.6015625,1
266903576,14.163378576738916,0.02,6945.245522537906,1324.6472515731436,6945.072589616486,0,0.60791016,1
266903576,14.163378576738916,0.02,6945.245522537906,1324.6472515731436,6945.072589616486,0,0.5957031,1
266903576,14.163378576738916,0.02,6945.245522537906,1324.6472515731436,6945.072589616486,0,0.5991211,1
267044642,14.16571166083281,0.02,12945.057145740177,1324.645215949124,12944.734820698835,1,0.7338867,1
267044642,14.16571166083281,0.02,12945.057145740177,1324.645215949124,12944.734820698835,0,0.56884766,1
267044642,14.16571166083281,0.02,12945.057145740177,1324.645215949124,12944.734820698835,0,0.6381836,1
267044642,14.16571166083281,0.02,12945.057145740177,1324.645215949124,12944.734820698835,0,0.6040039,1
267044642,14.16571166083281,0.02,12945.057145740177,1324.645215949124,12944.734820698835,0,0.6225586,1
267044642,14.16571166083281,0.02,12945.057145740177,1324.645215949124,12944.734820698835,0,0.61572266,1
270554477,14.16959085606643,0.02,503.3500326106365,1324.639801656245,503.3374994624052,1,0.6088867,1
270554477,14.16959085606643,0.02,503.3500326106365,1324.639801656245,503.3374994624052,0,0.59814453,1
270554477,14.16959085606643,0.02,503.3500326106365,1324.639801656245,503.3374994624052,0,0.61279297,1
270554477,14.16959085606643,0.02,503.3500326106365,1324.639801656245,503.3374994624052,0,0.6376953,1
270554477,14.16959085606643,0.02,503.3500326106365,1324.639801656245,503.3374994624052,0,0.6118164,1
270554477,14.16959085606643,0.02,503.3500326106365,1324.639801656245,503.3374994624052,0,0.5908203,1
272285817,4.144664090818259,0.1,860.3024571548494,1313.6193983205778,19069.83054343521,1,0.3005371,0
272285817,4.144664090818259,0.1,860.3024571548494,1313.6193983205778,19069.83054343521,0,0.6323242,1
272285817,4.144664090818259,0.1,860.3024571548494,1313.6193983205778,19069.83054343521,0,0.60009766,1
272285817,4.144664090818259,0.1,860.3024571548494,1313.6193983205778,19069.83054343521,0,0.62109375,1
272285817,4.144664090818259,0.1,860.3024571548494,1313.6193983205778,19069.83054343521,0,0.62060547,1
272285817,4.144664090818259,0.1,860.3024571548494,1313.6193983205778,19069.83054343521,0,0.8051758,1
277911545,14.165309955345649,0.02,1128900.1776261078,1324.6453720031643,1128872.068611808,1,0.7631836,1
277911545,14.165309955345649,0.02,1128900.1776261078,1324.6453720031643,1128872.068611808,0,0.53564453,1
277911545,14.165309955345649,0.02,1128900.1776261078,1324.6453720031643,1128872.068611808,0,0.7915039,1
277911545,14.165309955345649,0.02,1128900.1776261078,1324.6453720031643,1128872.068611808,0,0.68066406,1
277911545,14.165309955345649,0.02,1128900.1776261078,1324.6453720031643,1128872.068611808,0,0.7519531,1
277911545,14.165309955345649,0.02,1128900.1776261078,1324.6453720031643,1128872.068611808,0,0.78466797,1
278658315,14.169751060002705,0.02,11158.844278118178,1324.642346482406,11158.566428827691,1,0.765625,1
278658315,14.169751060002705,0.02,11158.844278118178,1324.642346482406,11158.566428827691,0,0.6010742,1
278658315,14.169751060002705,0.02,11158.844278118178,1324.642346482406,11158.566428827691,0,0.62597656,1
278658315,14.169751060002705,0.02,11158.844278118178,1324.642346482406,11158.566428827691,0,0.63623047,1
278658315,14.169751060002705,0.02,11158.844278118178,1324.642346482406,11158.566428827691,0,0.5917969,1
278658315,14.169751060002705,0.02,11158.844278118178,1324.642346482406,11158.566428827691,0,0.61328125,1
279950870,14.17171929873714,0.02,5037.5984481098885,1324.6368412947668,5037.473014586517,1,0.5727539,1
279950870,14.17171929873714,0.02,5037.5984481098885,1324.6368412947668,5037.473014586517,0,0.63720703,1
279950870,14.17171929873714,0.02,5037.5984481098885,1324.6368412947668,5037.473014586517,0,0.6225586,1
279950870,14.17171929873714,0.02,5037.5984481098885,1324.6368412947668,5037.473014586517,0,0.7294922,1
279950870,14.17171929873714,0.02,5037.5984481098885,1324.6368412947668,5037.473014586517,0,0.71240234,1
279950870,14.17171929873714,0.02,5037.5984481098885,1324.6368412947668,5037.473014586517,0,0.6464844,1
290359513,14.16429323896698,0.02,6363.974865114021,1324.6501577498873,6363.816405522967,1,0.6777344,1
290359513,14.16429323896698,0.02,6363.974865114021,1324.6501577498873,6363.816405522967,0,0.5800781,1
290359513,14.16429323896698,0.02,6363.974865114021,1324.6501577498873,6363.816405522967,0,0.609375,1
290359513,14.16429323896698,0.02,6363.974865114021,1324.6501577498873,6363.816405522967,0,0.66064453,1
290359513,14.16429323896698,0.02,6363.974865114021,1324.6501577498873,6363.816405522967,0,0.6411133,1
290359513,14.16429323896698,0.02,6363.974865114021,1324.6501577498873,6363.816405522967,0,0.61572266,1
290542693,14.171757684255304,0.02,358536.2260016345,1324.6391466873624,358527.2986402048,1,0.7548828,1
290542693,14.171757684255304,0.02,358536.2260016345,1324.6391466873624,358527.2986402048,0,0.7998047,1
290542693,14.171757684255304,0.02,358536.2260016345,1324.6391466873624,358527.2986402048,0,0.6191406,1
290542693,14.171757684255304,0.02,358536.2260016345,1324.6391466873624,358527.2986402048,0,0.41064453,0
290542693,14.171757684255304,0.02,358536.2260016345,1324.6391466873624,358527.2986402048,0,0.7763672,1
290542693,14.171757684255304,0.02,358536.2260016345,1324.6391466873624,358527.2986402048,0,0.58935547,1
293223210,14.164076099356564,0.02,1536.621930700883,1324.6441502336484,1536.5836696316765,1,0.63916016,1
293223210,14.164076099356564,0.02,1536.621930700883,1324.6441502336484,1536.5836696316765,0,0.6123047,1
293223210,14.164076099356564,0.02,1536.621930700883,1324.6441502336484,1536.5836696316765,0,0.6010742,1
293223210,14.164076099356564,0.02,1536.621930700883,1324.6441502336484,1536.5836696316765,0,0.5996094,1
293223210,14.164076099356564,0.02,1536.621930700883,1324.6441502336484,1536.5836696316765,0,0.58447266,1
293223210,14.164076099356564,0.02,1536.621930700883,1324.6441502336484,1536.5836696316765,0,0.6113281,1
293268518,14.16599599032435,0.02,11223.01913723636,1324.6423233591518,11222.739690025996,1,0.59277344,1
293268518,14.16599599032435,0.02,11223.01913723636,1324.6423233591518,11222.739690025996,0,0.6010742,1
293268518,14.16599599032435,0.02,11223.01913723636,1324.6423233591518,11222.739690025996,0,0.76171875,1
293268518,14.16599599032435,0.02,11223.01913723636,1324.6423233591518,11222.739690025996,0,0.5996094,1
293268518,14.16599599032435,0.02,11223.01913723636,1324.6423233591518,11222.739690025996,0,0.7631836,1
293268518,14.16599599032435,0.02,11223.01913723636,1324.6423233591518,11222.739690025996,0,0.7910156,1
293525326,14.078102623415496,0.1,783.781746773046,1310.603479240302,10836.191894448228,1,0.77734375,1
293525326,14.078102623415496,0.1,783.781746773046,1310.603479240302,10836.191894448228,0,0.5966797,1
293525326,14.078102623415496,0.1,783.781746773046,1310.603479240302,10836.191894448228,0,0.63720703,1
293525326,14.078102623415496,0.1,783.781746773046,1310.603479240302,10836.191894448228,0,0.57958984,1
293525326,14.078102623415496,0.1,783.781746773046,1310.603479240302,10836.191894448228,0,0.62353516,1
293525326,14.078102623415496,0.1,783.781746773046,1310.603479240302,10836.191894448228,0,0.79052734,1
299744422,14.171244924652532,0.02,774528.1393006974,1324.6421769304757,774508.8539617677,1,0.7558594,1
299744422,14.171244924652532,0.02,774528.1393006974,1324.6421769304757,774508.8539617677,0,0.7285156,1
299744422,14.171244924652532,0.02,774528.1393006974,1324.6421769304757,774508.8539617677,0,0.59228516,1
299744422,14.171244924652532,0.02,774528.1393006974,1324.6421769304757,774508.8539617677,0,0.24780273,0
299744422,14.171244924652532,0.02,774528.1393006974,1324.6421769304757,774508.8539617677,0,0.6010742,1
299744422,14.171244924652532,0.02,774528.1393006974,1324.6421769304757,774508.8539617677,0,0.61328125,1
300160320,14.215630029208649,0.02,267261.7233699377,1324.593101044362,267255.06869510206,1,0.76660156,1
300160320,14.215630029208649,0.02,267261.7233699377,1324.593101044362,267255.06869510206,0,0.7739258,1
300160320,14.215630029208649,0.02,267261.7233699377,1324.593101044362,267255.06869510206,0,0.6123047,1
300160320,14.215630029208649,0.02,267261.7233699377,1324.593101044362,267255.06869510206,0,0.5864258,1
300160320,14.215630029208649,0.02,267261.7233699377,1324.593101044362,267255.06869510206,0,0.4987793,0
300160320,14.215630029208649,0.02,267261.7233699377,1324.593101044362,267255.06869510206,0,0.5932617,1
300611942,0.4366188915247444,0.06,6078.613051803878,1310.9282622229075,294770.250652336,1,0.5883789,1
300611942,0.4366188915247444,0.06,6078.613051803878,1310.9282622229075,294770.250652336,0,0.7036133,1
300611942,0.4366188915247444,0.06,6078.613051803878,1310.9282622229075,294770.250652336,0,0.5908203,1
300611942,0.4366188915247444,0.06,6078.613051803878,1310.9282622229075,294770.250652336,0,0.5756836,1
300611942,0.4366188915247444,0.06,6078.613051803878,1310.9282622229075,294770.250652336,0,0.5996094,1
300611942,0.4366188915247444,0.06,6078.613051803878,1310.9282622229075,294770.250652336,0,0.67333984,1
300840726,1.3409751246013932,0.1,23610.18063459373,1310.6062727976098,899765.4090823582,1,0.75341797,1
300840726,1.3409751246013932,0.1,23610.18063459373,1310.6062727976098,899765.4090823582,0,0.79248047,1
300840726,1.3409751246013932,0.1,23610.18063459373,1310.6062727976098,899765.4090823582,0,0.80126953,1
300840726,1.3409751246013932,0.1,23610.18063459373,1310.6062727976098,899765.4090823582,0,0.7836914,1
300840726,1.3409751246013932,0.1,23610.18063459373,1310.6062727976098,899765.4090823582,0,0.66552734,1
300840726,1.3409751246013932,0.1,23610.18063459373,1310.6062727976098,899765.4090823582,0,0.8041992,1
30631031,14.213850557521836,0.02,149989.77141827115,1324.595310783659,149986.03675269737,1,0.76464844,1
30631031,14.213850557521836,0.02,149989.77141827115,1324.595310783659,149986.03675269737,0,0.6064453,1
30631031,14.213850557521836,0.02,149989.77141827115,1324.595310783659,149986.03675269737,0,0.6123047,1
30631031,14.213850557521836,0.02,149989.77141827115,1324.595310783659,149986.03675269737,0,0.61816406,1
30631031,14.213850557521836,0.02,149989.77141827115,1324.595310783659,149986.03675269737,0,0.7841797,1
30631031,14.213850557521836,0.02,149989.77141827115,1324.595310783659,149986.03675269737,0,0.64990234,1
306636311,18.72878479165636,0.1,2831.053490194949,1311.0807445574544,33850.61453789593,1,0.65478516,1
306636311,18.72878479165636,0.1,2831.053490194949,1311.0807445574544,33850.61453789593,0,0.59375,1
306636311,18.72878479165636,0.1,2831.053490194949,1311.0807445574544,33850.61453789593,0,0.7841797,1
306636311,18.72878479165636,0.1,2831.053490194949,1311.0807445574544,33850.61453789593,0,0.6489258,1
306636311,18.72878479165636,0.1,2831.053490194949,1311.0807445574544,33850.61453789593,0,0.61035156,1
306636311,18.72878479165636,0.1,2831.053490194949,1311.0807445574544,33850.61453789593,0,0.6147461,1
306822783,14.173449574502696,0.02,624.1084842879461,1324.6350555937831,624.0929443184633,1,0.58740234,1
306822783,14.173449574502696,0.02,624.1084842879461,1324.6350555937831,624.0929443184633,0,0.60595703,1
306822783,14.173449574502696,0.02,624.1084842879461,1324.6350555937831,624.0929443184633,0,0.58740234,1
306822783,14.173449574502696,0.02,624.1084842879461,1324.6350555937831,624.0929443184633,0,0.5878906,1
306822783,14.173449574502696,0.02,624.1084842879461,1324.6350555937831,624.0929443184633,0,0.63183594,1
306822783,14.173449574502696,0.02,624.1084842879461,1324.6350555937831,624.0929443184633,0,0.6352539,1
31181554,14.166042494714953,0.02,1862.819107197901,1324.6430991332115,1862.772723992406,1,0.6166992,1
31181554,14.166042494714953,0.02,1862.819107197901,1324.6430991332115,1862.772723992406,0,0.5913086,1
31181554,14.166042494714953,0.02,1862.819107197901,1324.6430991332115,1862.772723992406,0,0.6069336,1
31181554,14.166042494714953,0.02,1862.819107197901,1324.6430991332115,1862.772723992406,0,0.79052734,1
31181554,14.166042494714953,0.02,1862.819107197901,1324.6430991332115,1862.772723992406,0,0.7915039,1
31181554,14.166042494714953,0.02,1862.819107197901,1324.6430991332115,1862.772723992406,0,0.60058594,1
316341281,14.166400887028152,0.02,70554.42387956873,1324.6462375489607,70552.66711192085,1,0.7734375,1
316341281,14.166400887028152,0.02,70554.42387956873,1324.6462375489607,70552.66711192085,0,0.6176758,1
316341281,14.166400887028152,0.02,70554.42387956873,1324.6462375489607,70552.66711192085,0,0.65966797,1
316341281,14.166400887028152,0.02,70554.42387956873,1324.6462375489607,70552.66711192085,0,0.7104492,1
316341281,14.166400887028152,0.02,70554.42387956873,1324.6462375489607,70552.66711192085,0,0.6220703,1
316341281,14.166400887028152,0.02,70554.42387956873,1324.6462375489607,70552.66711192085,0,0.69384766,1
319740048,14.168974321363962,0.02,2259921.0749960383,1324.643651348316,2259864.8041626443,1,0.76171875,1
319740048,14.168974321363962,0.02,2259921.0749960383,1324.643651348316,2259864.8041626443,0,0.77490234,1
319740048,14.168974321363962,0.02,2259921.0749960383,1324.643651348316,2259864.8041626443,0,0.7792969,1
319740048,14.168974321363962,0.02,2259921.0749960383,1324.643651348316,2259864.8041626443,0,0.7631836,1
319740048,14.168974321363962,0.02,2259921.0749960383,1324.643651348316,2259864.8041626443,0,0.77001953,1
319740048,14.168974321363962,0.02,2259921.0749960383,1324.643651348316,2259864.8041626443,0,0.5341797,1
322306553,14.187303117204356,0.02,25289.291221441443,1324.6230135679348,25288.66153153381,1,0.7915039,1
322306553,14.187303117204356,0.02,25289.291221441443,1324.6230135679348,25288.66153153381,0,0.58984375,1
322306553,14.187303117204356,0.02,25289.291221441443,1324.6230135679348,25288.66153153381,0,0.6010742,1
322306553,14.187303117204356,0.02,25289.291221441443,1324.6230135679348,25288.66153153381,0,0.5966797,1
322306553,14.187303117204356,0.02,25289.291221441443,1324.6230135679348,25288.66153153381,0,0.640625,1
322306553,14.187303117204356,0.02,25289.291221441443,1324.6230135679348,25288.66153153381,0,0.6015625,1
323246164,14.167481605403353,0.02,2164.6654327127776,1324.6418964654822,2164.611533694239,1,0.5722656,1
323246164,14.167481605403353,0.02,2164.6654327127776,1324.6418964654822,2164.611533694239,0,0.61572266,1
323246164,14.167481605403353,0.02,2164.6654327127776,1324.6418964654822,2164.611533694239,0,0.59228516,1
323246164,14.167481605403353,0.02,2164.6654327127776,1324.6418964654822,2164.611533694239,0,0.62890625,1
323246164,14.167481605403353,0.02,2164.6654327127776,1324.6418964654822,2164.611533694239,0,0.5966797,1
323246164,14.167481605403353,0.02,2164.6654327127776,1324.6418964654822,2164.611533694239,0,0.6411133,1
327595236,14.167834159923904,0.02,116780.05165663228,1324.6443068408937,116777.1438954263,1,0.75927734,1
327595236,14.167834159923904,0.02,116780.05165663228,1324.6443068408937,116777.1438954263,0,0.6196289,1
327595236,14.167834159923904,0.02,116780.05165663228,1324.6443068408937,116777.1438954263,0,0.6191406,1
327595236,14.167834159923904,0.02,116780.05165663228,1324.6443068408937,116777.1438954263,0,0.61572266,1
327595236,14.167834159923904,0.02,116780.05165663228,1324.6443068408937,116777.1438954263,0,0.7451172,1
327595236,14.167834159923904,0.02,116780.05165663228,1324.6443068408937,116777.1438954263,0,0.671875,1
327785134,14.17157414666413,0.02,45615.50914169789,1324.640051067288,45614.37333976946,1,0.6694336,1
327785134,14.17157414666413,0.02,45615.50914169789,1324.640051067288,45614.37333976946,0,0.58935547,1
327785134,14.17157414666413,0.02,45615.50914169789,1324.640051067288,45614.37333976946,0,0.74365234,1
327785134,14.17157414666413,0.02,45615.50914169789,1324.640051067288,45614.37333976946,0,0.6035156,1
327785134,14.17157414666413,0.02,45615.50914169789,1324.640051067288,45614.37333976946,0,0.76953125,1
327785134,14.17157414666413,0.02,45615.50914169789,1324.640051067288,45614.37333976946,0,0.61083984,1
349306448,14.169687506703683,0.02,3462.6342180562774,1324.6380555908438,3462.548000304984,1,0.6064453,1
349306448,14.169687506703683,0.02,3462.6342180562774,1324.6380555908438,3462.548000304984,0,0.7973633,1
349306448,14.169687506703683,0.02,3462.6342180562774,1324.6380555908438,3462.548000304984,0,0.6044922,1
349306448,14.169687506703683,0.02,3462.6342180562774,1324.6380555908438,3462.548000304984,0,0.58935547,1
349306448,14.169687506703683,0.02,3462.6342180562774,1324.6380555908438,3462.548000304984,0,0.58447266,1
349306448,14.169687506703683,0.02,3462.6342180562774,1324.6380555908438,3462.548000304984,0,0.79345703,1
349833322,14.165710190828028,0.02,30783.57437619628,1324.6424759979884,30782.807881558856,1,0.6425781,1
349833322,14.165710190828028,0.02,30783.57437619628,1324.6424759979884,30782.807881558856,0,0.8017578,1
349833322,14.165710190828028,0.02,30783.57437619628,1324.6424759979884,30782.807881558856,0,0.3203125,0
349833322,14.165710190828028,0.02,30783.57437619628,1324.6424759979884,30782.807881558856,0,0.7324219,1
349833322,14.165710190828028,0.02,30783.57437619628,1324.6424759979884,30782.807881558856,0,0.56152344,1
349833322,14.165710190828028,0.02,30783.57437619628,1324.6424759979884,30782.807881558856,0,0.6010742,1
352023040,3.20943917302976,0.1,6502.947649870079,1312.3083456704778,162845.22105919305,1,0.5097656,0
352023040,3.20943917302976,0.1,6502.947649870079,1312.3083456704778,162845.22105919305,0,0.77734375,1
352023040,3.20943917302976,0.1,6502.947649870079,1312.3083456704778,162845.22105919305,0,0.74609375,1
352023040,3.20943917302976,0.1,6502.947649870079,1312.3083456704778,162845.22105919305,0,0.77197266,1
352023040,3.20943917302976,0.1,6502.947649870079,1312.3083456704778,162845.22105919305,0,0.79248047,1
352023040,3.20943917302976,0.1,6502.947649870079,1312.3083456704778,162845.22105919305,0,0.51660156,0
354135591,14.167318310255238,0.02,232.7364478281996,1324.6454076351204,232.7306528143713,1,0.7675781,1
354135591,14.167318310255238,0.02,232.7364478281996,1324.6454076351204,232.7306528143713,0,0.7050781,1
354135591,14.167318310255238,0.02,232.7364478281996,1324.6454076351204,232.7306528143713,0,0.6621094,1
354135591,14.167318310255238,0.02,232.7364478281996,1324.6454076351204,232.7306528143713,0,0.7441406,1
354135591,14.167318310255238,0.02,232.7364478281996,1324.6454076351204,232.7306528143713,0,0.65625,1
354135591,14.167318310255238,0.02,232.7364478281996,1324.6454076351204,232.7306528143713,0,0.7397461,1
355136328,1.6412632642810214,0.1,654.8759181179528,1310.9519383260977,22202.06458632308,1,0.71777344,1
355136328,1.6412632642810214,0.1,654.8759181179528,1310.9519383260977,22202.06458632308,0,0.60791016,1
355136328,1.6412632642810214,0.1,654.8759181179528,1310.9519383260977,22202.06458632308,0,0.61376953,1
355136328,1.6412632642810214,0.1,654.8759181179528,1310.9519383260977,22202.06458632308,0,0.7661133,1
355136328,1.6412632642810214,0.1,654.8759181179528,1310.9519383260977,22202.06458632308,0,0.72021484,1
355136328,1.6412632642810214,0.1,654.8759181179528,1310.9519383260977,22202.06458632308,0,0.59716797,1
355210936,14.166967262591742,0.02,18336.21240721801,1324.6459009190608,18335.755845276595,1,0.7416992,1
355210936,14.166967262591742,0.02,18336.21240721801,1324.6459009190608,18335.755845276595,0,0.58984375,1
355210936,14.166967262591742,0.02,18336.21240721801,1324.6459009190608,18335.755845276595,0,0.7050781,1
355210936,14.166967262591742,0.02,18336.21240721801,1324.6459009190608,18335.755845276595,0,0.6044922,1
355210936,14.166967262591742,0.02,18336.21240721801,1324.6459009190608,18335.755845276595,0,0.63720703,1
355210936,14.166967262591742,0.02,18336.21240721801,1324.6459009190608,18335.755845276595,0,0.6435547,1
365954483,14.169031118711452,0.02,16721.601508784766,1324.6430964476997,16721.185149796398,1,0.70214844,1
365954483,14.169031118711452,0.02,16721.601508784766,1324.6430964476997,16721.185149796398,0,0.6279297,1
365954483,14.169031118711452,0.02,16721.601508784766,1324.6430964476997,16721.185149796398,0,0.6455078,1
365954483,14.169031118711452,0.02,16721.601508784766,1324.6430964476997,16721.185149796398,0,0.64208984,1
365954483,14.169031118711452,0.02,16721.601508784766,1324.6430964476997,16721.185149796398,0,0.62060547,1
365954483,14.169031118711452,0.02,16721.601508784766,1324.6430964476997,16721.185149796398,0,0.61035156,1
369817303,14.165917282018237,0.02,1730.42518605733,1324.64479574602,1730.3820993900908,1,0.6118164,1
369817303,14.165917282018237,0.02,1730.42518605733,1324.64479574602,1730.3820993900908,0,0.6376953,1
369817303,14.165917282018237,0.02,1730.42518605733,1324.64479574602,1730.3820993900908,0,0.62890625,1
369817303,14.165917282018237,0.02,1730.42518605733,1324.64479574602,1730.3820993900908,0,0.6074219,1
369817303,14.165917282018237,0.02,1730.42518605733,1324.64479574602,1730.3820993900908,0,0.6875,1
369817303,14.165917282018237,0.02,1730.42518605733,1324.64479574602,1730.3820993900908,0,0.6142578,1
370244421,14.171842762184331,0.02,29144.423607846456,1324.6384995198307,29143.69792719179,1,0.5336914,1
370244421,14.171842762184331,0.02,29144.423607846456,1324.6384995198307,29143.69792719179,0,0.58154297,1
370244421,14.171842762184331,0.02,29144.423607846456,1324.6384995198307,29143.69792719179,0,0.6035156,1
370244421,14.171842762184331,0.02,29144.423607846456,1324.6384995198307,29143.69792719179,0,0.78515625,1
370244421,14.171842762184331,0.02,29144.423607846456,1324.6384995198307,29143.69792719179,0,0.7910156,1
370244421,14.171842762184331,0.02,29144.423607846456,1324.6384995198307,29143.69792719179,0,0.79296875,1
372320141,15.55008753363622,0.1,1880.6782781030795,1322.2625883911169,22564.45528844233,1,0.59765625,1
372320141,15.55008753363622,0.1,1880.6782781030795,1322.2625883911169,22564.45528844233,0,0.7885742,1
372320141,15.55008753363622,0.1,1880.6782781030795,1322.2625883911169,22564.45528844233,0,0.79248047,1
372320141,15.55008753363622,0.1,1880.6782781030795,1322.2625883911169,22564.45528844233,0,0.6616211,1
372320141,15.55008753363622,0.1,1880.6782781030795,1322.2625883911169,22564.45528844233,0,0.60791016,1
372320141,15.55008753363622,0.1,1880.6782781030795,1322.2625883911169,22564.45528844233,0,0.6298828,1
375034775,14.165354076560297,0.02,323.2493084341166,1324.6421445117771,323.24125969817584,1,0.5883789,1
375034775,14.165354076560297,0.02,323.2493084341166,1324.6421445117771,323.24125969817584,0,0.58447266,1
375034775,14.165354076560297,0.02,323.2493084341166,1324.6421445117771,323.24125969817584,0,0.71484375,1
375034775,14.165354076560297,0.02,323.2493084341166,1324.6421445117771,323.24125969817584,0,0.6113281,1
375034775,14.165354076560297,0.02,323.2493084341166,1324.6421445117771,323.24125969817584,0,0.62060547,1
375034775,14.165354076560297,0.02,323.2493084341166,1324.6421445117771,323.24125969817584,0,0.64941406,1
375232613,14.1674574073334,0.02,9992.759648083162,1324.6451816222711,9992.510833680071,1,0.72998047,1
375232613,14.1674574073334,0.02,9992.759648083162,1324.6451816222711,9992.510833680071,0,0.6118164,1
375232613,14.1674574073334,0.02,9992.759648083162,1324.6451816222711,9992.510833680071,0,0.7314453,1
375232613,14.1674574073334,0.02,9992.759648083162,1324.6451816222711,9992.510833680071,0,0.6044922,1
375232613,14.1674574073334,0.02,9992.759648083162,1324.6451816222711,9992.510833680071,0,0.6791992,1
375232613,14.1674574073334,0.02,9992.759648083162,1324.6451816222711,9992.510833680071,0,0.65771484,1
379236118,14.168553470254734,0.02,51157.694693614,1324.6433651696525,51156.42089421155,1,0.75146484,1
379236118,14.168553470254734,0.02,51157.694693614,1324.6433651696525,51156.42089421155,0,0.61035156,1
379236118,14.168553470254734,0.02,51157.694693614,1324.6433651696525,51156.42089421155,0,0.70166016,1
379236118,14.168553470254734,0.02,51157.694693614,1324.6433651696525,51156.42089421155,0,0.6098633,1
379236118,14.168553470254734,0.02,51157.694693614,1324.6433651696525,51156.42089421155,0,0.59375,1
379236118,14.168553470254734,0.02,51157.694693614,1324.6433651696525,51156.42089421155,0,0.61865234,1
382252187,15.468456364415996,0.1,5708.929817445845,1319.660639687385,68261.08490834359,1,0.5996094,1
382252187,15.468456364415996,0.1,5708.929817445845,1319.660639687385,68261.08490834359,0,0.5761719,1
382252187,15.468456364415996,0.1,5708.929817445845,1319.660639687385,68261.08490834359,0,0.5805664,1
382252187,15.468456364415996,0.1,5708.929817445845,1319.660639687385,68261.08490834359,0,0.6201172,1
382252187,15.468456364415996,0.1,5708.929817445845,1319.660639687385,68261.08490834359,0,0.5917969,1
382252187,15.468456364415996,0.1,5708.929817445845,1319.660639687385,68261.08490834359,0,0.64453125,1
382304528,14.164043782611712,0.02,15504.241646253056,1324.647643257849,15503.855598878115,1,0.6689453,1
382304528,14.164043782611712,0.02,15504.241646253056,1324.647643257849,15503.855598878115,0,0.57910156,1
382304528,14.164043782611712,0.02,15504.241646253056,1324.647643257849,15503.855598878115,0,0.61328125,1
382304528,14.164043782611712,0.02,15504.241646253056,1324.647643257849,15503.855598878115,0,0.6591797,1
382304528,14.164043782611712,0.02,15504.241646253056,1324.647643257849,15503.855598878115,0,0.5932617,1
382304528,14.164043782611712,0.02,15504.241646253056,1324.647643257849,15503.855598878115,0,0.74560547,1
382578987,14.16909503513346,0.02,59221.67564402524,1324.6381326843878,59220.20105578393,1,0.7895508,1
382578987,14.16909503513346,0.02,59221.67564402524,1324.6381326843878,59220.20105578393,0,0.56152344,1
382578987,14.16909503513346,0.02,59221.67564402524,1324.6381326843878,59220.20105578393,0,0.7324219,1
382578987,14.16909503513346,0.02,59221.67564402524,1324.6381326843878,59220.20105578393,0,0.7055664,1
382578987,14.16909503513346,0.02,59221.67564402524,1324.6381326843878,59220.20105578393,0,0.6611328,1
382578987,14.16909503513346,0.02,59221.67564402524,1324.6381326843878,59220.20105578393,0,0.74609375,1
38634572,14.17242067938526,0.02,3917.347380206933,1324.6370288279904,3917.249840339626,1,0.6064453,1
38634572,14.17242067938526,0.02,3917.347380206933,1324.6370288279904,3917.249840339626,0,0.79052734,1
38634572,14.17242067938526,0.02,3917.347380206933,1324.6370288279904,3917.249840339626,0,0.60546875,1
38634572,14.17242067938526,0.02,3917.347380206933,1324.6370288279904,3917.249840339626,0,0.60791016,1
38634572,14.17242067938526,0.02,3917.347380206933,1324.6370288279904,3917.249840339626,0,0.7915039,1
38634572,14.17242067938526,0.02,3917.347380206933,1324.6370288279904,3917.249840339626,0,0.60546875,1
388202207,14.169617883007628,0.02,10377.76749359263,1324.639753631898,10377.509092698858,1,0.7739258,1
388202207,14.169617883007628,0.02,10377.76749359263,1324.639753631898,10377.509092698858,0,0.7807617,1
388202207,14.169617883007628,0.02,10377.76749359263,1324.639753631898,10377.509092698858,0,0.79589844,1
388202207,14.169617883007628,0.02,10377.76749359263,1324.639753631898,10377.509092698858,0,0.5678711,1
388202207,14.169617883007628,0.02,10377.76749359263,1324.639753631898,10377.509092698858,0,0.79589844,1
388202207,14.169617883007628,0.02,10377.76749359263,1324.639753631898,10377.509092698858,0,0.6303711,1
391001489,14.169185039339744,0.02,14296.656283168775,1324.644471111624,14296.300304027423,1,0.765625,1
391001489,14.169185039339744,0.02,14296.656283168775,1324.644471111624,14296.300304027423,0,0.62597656,1
391001489,14.169185039339744,0.02,14296.656283168775,1324.644471111624,14296.300304027423,0,0.7841797,1
391001489,14.169185039339744,0.02,14296.656283168775,1324.644471111624,14296.300304027423,0,0.68115234,1
391001489,14.169185039339744,0.02,14296.656283168775,1324.644471111624,14296.300304027423,0,0.76416016,1
391001489,14.169185039339744,0.02,14296.656283168775,1324.644471111624,14296.300304027423,0,0.62158203,1
391925508,14.17167395603764,0.02,27626.759126151268,1324.637551227039,27626.071234535408,1,0.68603516,1
391925508,14.17167395603764,0.02,27626.759126151268,1324.637551227039,27626.071234535408,0,0.7246094,1
391925508,14.17167395603764,0.02,27626.759126151268,1324.637551227039,27626.071234535408,0,0.65625,1
391925508,14.17167395603764,0.02,27626.759126151268,1324.637551227039,27626.071234535408,0,0.7788086,1
391925508,14.17167395603764,0.02,27626.759126151268,1324.637551227039,27626.071234535408,0,0.7441406,1
391925508,14.17167395603764,0.02,27626.759126151268,1324.637551227039,27626.071234535408,0,0.4724121,0
394631720,14.171836950022842,0.02,232.15323409757517,1324.6396104939208,232.1474536054587,1,0.6040039,1
394631720,14.171836950022842,0.02,232.15323409757517,1324.6396104939208,232.1474536054587,0,0.58935547,1
394631720,14.171836950022842,0.02,232.15323409757517,1324.6396104939208,232.1474536054587,0,0.7167969,1
394631720,14.171836950022842,0.02,232.15323409757517,1324.6396104939208,232.1474536054587,0,0.5966797,1
394631720,14.171836950022842,0.02,232.15323409757517,1324.6396104939208,232.1474536054587,0,0.6191406,1
394631720,14.171836950022842,0.02,232.15323409757517,1324.6396104939208,232.1474536054587,0,0.61328125,1
404162701,14.263470642573232,0.02,26085.888366240004,1324.549907362416,26085.23884148694,1,0.66064453,1
404162701,14.263470642573232,0.02,26085.888366240004,1324.549907362416,26085.23884148694,0,0.6333008,1
404162701,14.263470642573232,0.02,26085.888366240004,1324.549907362416,26085.23884148694,0,0.63916016,1
404162701,14.263470642573232,0.02,26085.888366240004,1324.549907362416,26085.23884148694,0,0.61328125,1
404162701,14.263470642573232,0.02,26085.888366240004,1324.549907362416,26085.23884148694,0,0.5917969,1
404162701,14.263470642573232,0.02,26085.888366240004,1324.549907362416,26085.23884148694,0,0.62109375,1
405867785,14.20743240542484,0.02,26140.961760460643,1324.605981769454,26140.310864409337,1,0.7680664,1
405867785,14.20743240542484,0.02,26140.961760460643,1324.605981769454,26140.310864409337,0,0.6298828,1
405867785,14.20743240542484,0.02,26140.961760460643,1324.605981769454,26140.310864409337,0,0.5966797,1
405867785,14.20743240542484,0.02,26140.961760460643,1324.605981769454,26140.310864409337,0,0.6044922,1
405867785,14.20743240542484,0.02,26140.961760460643,1324.605981769454,26140.310864409337,0,0.5209961,0
405867785,14.20743240542484,0.02,26140.961760460643,1324.605981769454,26140.310864409337,0,0.64501953,1
407621805,14.165992641726708,0.02,140207.79677343476,1324.643849444338,140204.30567382954,1,0.7939453,1
407621805,14.165992641726708,0.02,140207.79677343476,1324.643849444338,140204.30567382954,0,0.76953125,1
407621805,14.165992641726708,0.02,140207.79677343476,1324.643849444338,140204.30567382954,0,0.7910156,1
407621805,14.165992641726708,0.02,140207.79677343476,1324.643849444338,140204.30567382954,0,0.66796875,1
407621805,14.165992641726708,0.02,140207.79677343476,1324.643849444338,140204.30567382954,0,0.7583008,1
407621805,14.165992641726708,0.02,140207.79677343476,1324.643849444338,140204.30567382954,0,0.76123047,1
410355112,14.167645267170265,0.02,8374.01345810693,1324.642577411878,8373.804949623447,1,0.7602539,1
410355112,14.167645267170265,0.02,8374.01345810693,1324.642577411878,8373.804949623447,0,0.60546875,1
410355112,14.167645267170265,0.02,8374.01345810693,1324.642577411878,8373.804949623447,0,0.62158203,1
410355112,14.167645267170265,0.02,8374.01345810693,1324.642577411878,8373.804949623447,0,0.59472656,1
410355112,14.167645267170265,0.02,8374.01345810693,1324.642577411878,8373.804949623447,0,0.6303711,1
410355112,14.167645267170265,0.02,8374.01345810693,1324.642577411878,8373.804949623447,0,0.6064453,1
431481560,14.165954247246,0.02,8664.416491875398,1324.644088822757,8664.200752510753,1,0.8022461,1
431481560,14.165954247246,0.02,8664.416491875398,1324.644088822757,8664.200752510753,0,0.7631836,1
431481560,14.165954247246,0.02,8664.416491875398,1324.644088822757,8664.200752510753,0,0.6689453,1
431481560,14.165954247246,0.02,8664.416491875398,1324.644088822757,8664.200752510753,0,0.7944336,1
431481560,14.165954247246,0.02,8664.416491875398,1324.644088822757,8664.200752510753,0,0.5102539,0
431481560,14.165954247246,0.02,8664.416491875398,1324.644088822757,8664.200752510753,0,0.5878906,1
466160811,14.169368050694649,0.02,12849.16162446022,1324.6428135490114,12848.84168716638,1,0.7167969,1
466160811,14.169368050694649,0.02,12849.16162446022,1324.6428135490114,12848.84168716638,0,0.6503906,1
466160811,14.169368050694649,0.02,12849.16162446022,1324.6428135490114,12848.84168716638,0,0.6513672,1
466160811,14.169368050694649,0.02,12849.16162446022,1324.6428135490114,12848.84168716638,0,0.60253906,1
466160811,14.169368050694649,0.02,12849.16162446022,1324.6428135490114,12848.84168716638,0,0.64746094,1
466160811,14.169368050694649,0.02,12849.16162446022,1324.6428135490114,12848.84168716638,0,0.625,1
466686710,14.215742075463137,0.02,55073.84781607279,1324.596446088239,55072.47650653942,1,0.7675781,1
466686710,14.215742075463137,0.02,55073.84781607279,1324.596446088239,55072.47650653942,0,0.6503906,1
466686710,14.215742075463137,0.02,55073.84781607279,1324.596446088239,55072.47650653942,0,0.6171875,1
466686710,14.215742075463137,0.02,55073.84781607279,1324.596446088239,55072.47650653942,0,0.5961914,1
466686710,14.215742075463137,0.02,55073.84781607279,1324.596446088239,55072.47650653942,0,0.6118164,1
466686710,14.215742075463137,0.02,55073.84781607279,1324.596446088239,55072.47650653942,0,0.6245117,1
50316633,14.16388786249374,0.02,8783.90450832551,1324.6465088047676,8783.685793772775,1,0.75097656,1
50316633,14.16388786249374,0.02,8783.90450832551,1324.6465088047676,8783.685793772775,0,0.59521484,1
50316633,14.16388786249374,0.02,8783.90450832551,1324.6465088047676,8783.685793772775,0,0.59033203,1
50316633,14.16388786249374,0.02,8783.90450832551,1324.6465088047676,8783.685793772775,0,0.60546875,1
50316633,14.16388786249374,0.02,8783.90450832551,1324.6465088047676,8783.685793772775,0,0.63427734,1
50316633,14.16388786249374,0.02,8783.90450832551,1324.6465088047676,8783.685793772775,0,0.60498047,1
55270064,14.172411691967326,0.02,2233.6069762088623,1324.6366399619446,2233.55136058254,1,0.7373047,1
55270064,14.172411691967326,0.02,2233.6069762088623,1324.6366399619446,2233.55136058254,0,0.5834961,1
55270064,14.172411691967326,0.02,2233.6069762088623,1324.6366399619446,2233.55136058254,0,0.6582031,1
55270064,14.172411691967326,0.02,2233.6069762088623,1324.6366399619446,2233.55136058254,0,0.6230469,1
55270064,14.172411691967326,0.02,2233.6069762088623,1324.6366399619446,2233.55136058254,0,0.59765625,1
55270064,14.172411691967326,0.02,2233.6069762088623,1324.6366399619446,2233.55136058254,0,0.63427734,1
55849446,14.19844963599956,0.02,24227.82021683161,1324.610439679031,24227.21695698771,1,0.6171875,1
55849446,14.19844963599956,0.02,24227.82021683161,1324.610439679031,24227.21695698771,0,0.7817383,1
55849446,14.19844963599956,0.02,24227.82021683161,1324.610439679031,24227.21695698771,0,0.5957031,1
55849446,14.19844963599956,0.02,24227.82021683161,1324.610439679031,24227.21695698771,0,0.5996094,1
55849446,14.19844963599956,0.02,24227.82021683161,1324.610439679031,24227.21695698771,0,0.79248047,1
55849446,14.19844963599956,0.02,24227.82021683161,1324.610439679031,24227.21695698771,0,0.6069336,1
61269826,14.165374036060363,0.02,5503.500806013423,1324.6480847234395,5503.3637717690135,1,0.58935547,1
61269826,14.165374036060363,0.02,5503.500806013423,1324.6480847234395,5503.3637717690135,0,0.6352539,1
61269826,14.165374036060363,0.02,5503.500806013423,1324.6480847234395,5503.3637717690135,0,0.79296875,1
61269826,14.165374036060363,0.02,5503.500806013423,1324.6480847234395,5503.3637717690135,0,0.59033203,1
61269826,14.165374036060363,0.02,5503.500806013423,1324.6480847234395,5503.3637717690135,0,0.7817383,1
61269826,14.165374036060363,0.02,5503.500806013423,1324.6480847234395,5503.3637717690135,0,0.59472656,1
79754655,0.3061768421166328,0.06,143.09365533418753,1310.7360917992105,8046.504929291131,1,0.6508789,1
79754655,0.3061768421166328,0.06,143.09365533418753,1310.7360917992105,8046.504929291131,0,0.63378906,1
79754655,0.3061768421166328,0.06,143.09365533418753,1310.7360917992105,8046.504929291131,0,0.7890625,1
79754655,0.3061768421166328,0.06,143.09365533418753,1310.7360917992105,8046.504929291131,0,0.6245117,1
79754655,0.3061768421166328,0.06,143.09365533418753,1310.7360917992105,8046.504929291131,0,0.79296875,1
79754655,0.3061768421166328,0.06,143.09365533418753,1310.7360917992105,8046.504929291131,0,0.6040039,1
79955151,6.4931924834926695,0.1,898.5963870400661,1312.8320021170375,16043.71745570144,1,0.6269531,1
79955151,6.4931924834926695,0.1,898.5963870400661,1312.8320021170375,16043.71745570144,0,0.62841797,1
79955151,6.4931924834926695,0.1,898.5963870400661,1312.8320021170375,16043.71745570144,0,0.64941406,1
79955151,6.4931924834926695,0.1,898.5963870400661,1312.8320021170375,16043.71745570144,0,0.7578125,1
79955151,6.4931924834926695,0.1,898.5963870400661,1312.8320021170375,16043.71745570144,0,0.7607422,1
79955151,6.4931924834926695,0.1,898.5963870400661,1312.8320021170375,16043.71745570144,0,0.7470703,1
80089548,14.173396554785295,0.02,63326.99314837781,1324.640125450689,63325.41633991304,1,0.62597656,1
80089548,14.173396554785295,0.02,63326.99314837781,1324.640125450689,63325.41633991304,0,0.58251953,1
80089548,14.173396554785295,0.02,63326.99314837781,1324.640125450689,63325.41633991304,0,0.6044922,1
80089548,14.173396554785295,0.02,63326.99314837781,1324.640125450689,63325.41633991304,0,0.68408203,1
80089548,14.173396554785295,0.02,63326.99314837781,1324.640125450689,63325.41633991304,0,0.6479492,1
80089548,14.173396554785295,0.02,63326.99314837781,1324.640125450689,63325.41633991304,0,0.6098633,1
90904124,14.165782785798854,0.02,23405.170693129632,1324.6478110608682,23404.58791682156,1,0.7470703,1
90904124,14.165782785798854,0.02,23405.170693129632,1324.6478110608682,23404.58791682156,0,0.6464844,1
90904124,14.165782785798854,0.02,23405.170693129632,1324.6478110608682,23404.58791682156,0,0.61816406,1
90904124,14.165782785798854,0.02,23405.170693129632,1324.6478110608682,23404.58791682156,0,0.59472656,1
90904124,14.165782785798854,0.02,23405.170693129632,1324.6478110608682,23404.58791682156,0,0.5859375,1
90904124,14.165782785798854,0.02,23405.170693129632,1324.6478110608682,23404.58791682156,0,0.5527344,1
97176846,14.16332841112405,0.02,1223.0885003105218,1324.6504628614553,1223.0580460570577,1,0.6381836,1
97176846,14.16332841112405,0.02,1223.0885003105218,1324.6504628614553,1223.0580460570577,0,0.60595703,1
97176846,14.16332841112405,0.02,1223.0885003105218,1324.6504628614553,1223.0580460570577,0,0.61865234,1
97176846,14.16332841112405,0.02,1223.0885003105218,1324.6504628614553,1223.0580460570577,0,0.6298828,1
97176846,14.16332841112405,0.02,1223.0885003105218,1324.6504628614553,1223.0580460570577,0,0.60595703,1
97176846,14.16332841112405,0.02,1223.0885003105218,1324.6504628614553,1223.0580460570577,0,0.6064453,1
